# Blender v3.1.2 OBJ File: 'kingston hyperx predator.blend'
# www.blender.org
mtllib kingston hyperx predator.mtl
o Plane.001
v 2.391012 -0.742458 -0.012600
v -2.389231 -0.245970 -0.012600
v 2.391012 -0.245970 -0.012600
v 0.165722 -0.131902 -0.012600
v 0.165722 -0.245970 -0.012600
v 0.165722 -0.368542 -0.012600
v 0.165722 -0.483119 -0.012600
v 0.232481 -0.131902 -0.012600
v 0.232481 -0.245970 -0.012600
v 0.232481 -0.368542 -0.012600
v 0.232481 -0.483119 -0.012600
v -2.306798 0.353129 -0.012600
v -2.306798 -0.245970 -0.012600
v -2.306798 -0.483119 -0.012600
v -2.306798 -0.743074 -0.012600
v -2.306798 -0.615253 -0.012600
v 2.307112 -0.742458 -0.012600
v 2.307112 0.353129 -0.012600
v 2.307112 -0.615253 -0.012600
v -1.196385 -0.743074 -0.012600
v -1.196385 -0.131902 -0.012600
v -1.196385 -0.245970 -0.012600
v -1.196385 -0.368542 -0.012600
v -1.196385 -0.483119 -0.012600
v -1.196385 -0.615253 -0.012600
v 1.399639 -0.131902 -0.012600
v 1.399639 -0.245970 -0.012600
v 1.399639 -0.368542 -0.012600
v 1.399639 -0.483119 -0.012600
v 1.399639 -0.615253 -0.012600
v 0.193450 -0.615253 -0.012600
v 0.182839 -0.617364 -0.012600
v 0.173843 -0.623375 -0.012600
v 0.215364 -0.617364 -0.012600
v 0.165722 -0.615253 -0.012600
v 0.232481 -0.615253 -0.012600
v -2.389231 -0.642936 -0.012600
v -2.306798 -0.642936 -0.012600
v -1.196385 -0.642936 -0.012600
v 2.307112 -0.642936 -0.012600
v 1.399639 -0.642936 -0.012600
v -0.943218 -0.756826 -0.012600
v -0.943218 0.353129 -0.012600
v -0.943218 -0.131902 -0.012600
v -0.943218 -0.245970 -0.012600
v -0.943218 -0.368542 -0.012600
v -0.943218 -0.483119 -0.012600
v -0.943218 -0.615253 -0.012600
v -0.943218 -0.642936 -0.012600
v 1.123207 0.353129 -0.012600
v 1.123207 -0.131902 -0.012600
v 1.123207 -0.245970 -0.012600
v 1.123207 -0.368542 -0.012600
v 1.123207 -0.483119 -0.012600
v 1.123207 -0.615253 -0.012600
v 1.123207 -0.642936 -0.012600
v 1.261423 -0.131902 -0.012600
v 1.261423 -0.245970 -0.012600
v 1.261423 -0.368542 -0.012600
v 1.261423 -0.483119 -0.012600
v 1.261423 -0.615253 -0.012600
v 1.261423 -0.642936 -0.012600
v -1.069801 0.353129 -0.012600
v -1.069801 -0.131902 -0.012600
v -1.069801 -0.245970 -0.012600
v -1.069801 -0.368542 -0.012600
v -1.069801 -0.483119 -0.012600
v -1.069802 -0.642936 -0.012600
v -1.069801 -0.615253 -0.012600
v -2.389231 -0.743074 -0.012600
v -2.389231 0.353129 -0.012600
v 2.391012 0.353129 -0.012600
v -2.389231 -0.131902 -0.012600
v 2.391012 -0.131902 -0.012600
v -2.389231 -0.368542 -0.012600
v 2.391012 -0.368542 -0.012600
v -2.389231 -0.483119 -0.012600
v 2.391012 -0.483119 -0.012600
v 0.165722 -0.756826 -0.012600
v 0.165722 0.353129 -0.012600
v 0.232481 -0.756826 -0.012600
v 0.232481 0.353129 -0.012600
v -2.389231 -0.615253 -0.012600
v 2.391012 -0.615253 -0.012600
v -2.306798 -0.131902 -0.012600
v -2.306798 -0.368542 -0.012600
v 2.307112 -0.131902 -0.012600
v 2.307112 -0.245970 -0.012600
v 2.307112 -0.368542 -0.012600
v 2.307112 -0.483119 -0.012600
v -1.196385 0.353129 -0.012600
v 1.399639 0.353129 -0.012600
v 1.399639 -0.742458 -0.012600
v 0.165722 -0.642936 -0.012600
v 0.167833 -0.632370 -0.012600
v 0.232481 -0.642936 -0.012600
v 0.204752 -0.615253 -0.012600
v 0.230370 -0.632370 -0.012600
v 0.224359 -0.623375 -0.012600
v 2.391012 -0.642936 -0.012600
v 1.123207 -0.756826 -0.012600
v 1.261423 -0.746050 -0.012600
v 1.261423 0.353129 -0.012600
v -1.069802 -0.746637 -0.012600
v 2.307112 -0.483119 0.000000
v 2.391012 -0.483119 0.000000
v 2.391012 0.353129 0.000000
v 2.391012 -0.131902 0.000000
v -2.306798 -0.743074 0.000000
v -2.389231 -0.743074 0.000000
v -2.389231 -0.615253 0.000000
v -2.389231 -0.483119 0.000000
v -2.389231 0.353129 0.000000
v -2.306798 0.353129 0.000000
v 2.391012 -0.615253 0.000000
v 2.391012 -0.742458 0.000000
v -2.389231 -0.131902 0.000000
v 0.165722 -0.756826 0.000000
v -2.306798 -0.131902 0.000000
v 0.232481 -0.756826 0.000000
v 2.307112 -0.368542 0.000000
v 2.391012 -0.245970 0.000000
v 2.391012 -0.368542 0.000000
v 0.165722 0.353129 0.000000
v 0.232481 0.353129 0.000000
v -2.306798 -0.245970 0.000000
v -2.389231 -0.245970 0.000000
v 2.307112 -0.131902 0.000000
v 2.307112 -0.245970 0.000000
v -2.389231 -0.368542 0.000000
v -2.306798 -0.483119 0.000000
v -2.306798 -0.368542 0.000000
v 2.307112 0.353129 0.000000
v 2.307112 -0.742458 0.000000
v -1.196385 -0.743074 0.000000
v -1.196385 0.353129 0.000000
v 1.399639 -0.742458 0.000000
v 1.399639 0.353129 0.000000
v 0.193450 -0.615253 0.000000
v 0.182839 -0.617364 0.000000
v 0.173843 -0.623375 0.000000
v 0.167833 -0.632370 0.000000
v 0.165722 -0.642936 0.000000
v 0.204752 -0.615253 0.000000
v 0.215364 -0.617364 0.000000
v 0.224359 -0.623375 0.000000
v 0.230370 -0.632370 0.000000
v 0.232481 -0.642936 0.000000
v -2.389231 -0.642936 0.000000
v 2.391012 -0.642936 0.000000
v -0.943218 0.353129 0.000000
v -0.943218 -0.756826 0.000000
v 1.123207 -0.756826 0.000000
v 1.123207 0.353129 0.000000
v 1.261423 0.353129 0.000000
v 1.261423 -0.746050 0.000000
v -1.069802 -0.746637 0.000000
v -1.069801 0.353129 0.000000
v 2.391012 -0.742458 0.012600
v -2.389231 -0.245970 0.012600
v 2.391012 -0.245970 0.012600
v 0.165722 -0.131902 0.012600
v 0.165722 -0.245970 0.012600
v 0.165722 -0.368542 0.012600
v 0.165722 -0.483119 0.012600
v 0.232481 -0.131902 0.012600
v 0.232481 -0.245970 0.012600
v 0.232481 -0.368542 0.012600
v 0.232481 -0.483119 0.012600
v -2.306798 0.353129 0.012600
v -2.306798 -0.245970 0.012600
v -2.306798 -0.483119 0.012600
v -2.306798 -0.743074 0.012600
v -2.306798 -0.615253 0.012600
v 2.307112 -0.742458 0.012600
v 2.307112 0.353129 0.012600
v 2.307112 -0.615253 0.012600
v -1.196385 -0.743074 0.012600
v -1.196385 -0.131902 0.012600
v -1.196385 -0.245970 0.012600
v -1.196385 -0.368542 0.012600
v -1.196385 -0.483119 0.012600
v -1.196385 -0.615253 0.012600
v 1.399639 -0.131902 0.012600
v 1.399639 -0.245970 0.012600
v 1.399639 -0.368542 0.012600
v 1.399639 -0.483119 0.012600
v 1.399639 -0.615253 0.012600
v 0.193450 -0.615253 0.012600
v 0.182839 -0.617364 0.012600
v 0.173843 -0.623375 0.012600
v 0.215364 -0.617364 0.012600
v 0.165722 -0.615253 0.012600
v 0.232481 -0.615253 0.012600
v -2.389231 -0.642936 0.012600
v -2.306798 -0.642936 0.012600
v -1.196385 -0.642936 0.012600
v 2.307112 -0.642936 0.012600
v 1.399639 -0.642936 0.012600
v -0.943218 -0.756826 0.012600
v -0.943218 0.353129 0.012600
v -0.943218 -0.131902 0.012600
v -0.943218 -0.245970 0.012600
v -0.943218 -0.368542 0.012600
v -0.943218 -0.483119 0.012600
v -0.943218 -0.615253 0.012600
v -0.943218 -0.642936 0.012600
v 1.123207 0.353129 0.012600
v 1.123207 -0.131902 0.012600
v 1.123207 -0.245970 0.012600
v 1.123207 -0.368542 0.012600
v 1.123207 -0.483119 0.012600
v 1.123207 -0.615253 0.012600
v 1.123207 -0.642936 0.012600
v 1.261423 -0.131902 0.012600
v 1.261423 -0.245970 0.012600
v 1.261423 -0.368542 0.012600
v 1.261423 -0.483119 0.012600
v 1.261423 -0.615253 0.012600
v 1.261423 -0.642936 0.012600
v -1.069801 0.353129 0.012600
v -1.069801 -0.131902 0.012600
v -1.069801 -0.245970 0.012600
v -1.069801 -0.368542 0.012600
v -1.069801 -0.483119 0.012600
v -1.069802 -0.642936 0.012600
v -1.069801 -0.615253 0.012600
v -2.389231 -0.743074 0.012600
v -2.389231 0.353129 0.012600
v 2.391012 0.353129 0.012600
v -2.389231 -0.131902 0.012600
v 2.391012 -0.131902 0.012600
v -2.389231 -0.368542 0.012600
v 2.391012 -0.368542 0.012600
v -2.389231 -0.483119 0.012600
v 2.391012 -0.483119 0.012600
v 0.165722 -0.756826 0.012600
v 0.165722 0.353129 0.012600
v 0.232481 -0.756826 0.012600
v 0.232481 0.353129 0.012600
v -2.389231 -0.615253 0.012600
v 2.391012 -0.615253 0.012600
v -2.306798 -0.131902 0.012600
v -2.306798 -0.368542 0.012600
v 2.307112 -0.131902 0.012600
v 2.307112 -0.245970 0.012600
v 2.307112 -0.368542 0.012600
v 2.307112 -0.483119 0.012600
v -1.196385 0.353129 0.012600
v 1.399639 0.353129 0.012600
v 1.399639 -0.742458 0.012600
v 0.165722 -0.642936 0.012600
v 0.167833 -0.632370 0.012600
v 0.232481 -0.642936 0.012600
v 0.204752 -0.615253 0.012600
v 0.230370 -0.632370 0.012600
v 0.224359 -0.623375 0.012600
v 2.391012 -0.642936 0.012600
v 1.123207 -0.756826 0.012600
v 1.261423 -0.746050 0.012600
v 1.261423 0.353129 0.012600
v -1.069802 -0.746637 0.012600
v 0.007323 0.083486 0.072765
v 0.007323 0.083486 0.097276
v 0.238685 0.083486 0.072765
v 0.500710 0.083486 0.072765
v 2.277558 0.083486 0.072765
v 0.850092 0.083486 0.072765
v 0.939559 0.083486 0.072765
v 1.225610 0.083486 0.072765
v 1.019761 0.083486 0.072765
v 1.511290 0.083486 0.072765
v 1.596021 0.083486 0.072765
v 1.895865 0.083486 0.072765
v 1.317280 0.083486 0.072765
v 0.563495 0.083486 0.072765
v 0.789533 0.083486 0.072765
v 0.053613 0.083486 0.072765
v 0.916579 0.083486 0.072765
v 0.293916 0.083486 0.072765
v 1.370250 0.083486 0.072765
v 1.971613 0.083486 0.072765
v 0.238685 0.083486 0.097276
v 0.500710 0.083486 0.097276
v 2.277558 0.083486 0.097276
v 0.850092 0.083486 0.097276
v 0.939559 0.083486 0.097276
v 1.225610 0.083486 0.097276
v 1.019761 0.083486 0.097276
v 1.511290 0.083486 0.097276
v 1.809062 0.083486 0.097276
v 1.596021 0.083486 0.097276
v 1.895865 0.083486 0.097276
v 1.317280 0.083486 0.097276
v 0.563495 0.083486 0.097276
v 0.789533 0.083486 0.097276
v 0.053613 0.083486 0.097276
v 0.916579 0.083486 0.097276
v 0.293916 0.083486 0.097276
v 1.370250 0.083486 0.097276
v 1.971613 0.083486 0.097276
v 1.225610 0.083486 0.111592
v 1.511290 0.083486 0.111592
v 1.596021 0.083486 0.111592
v 1.317280 0.083486 0.111592
v 0.939559 0.083486 0.111592
v 1.019761 0.083486 0.111592
v 1.809062 0.083486 0.111592
v 1.895865 0.083486 0.111592
v 1.702542 0.083486 0.097276
v 1.122686 0.083486 0.072765
v 1.122686 0.083486 0.097276
v 0.676514 0.083486 0.072765
v 0.676514 0.083486 0.097276
v 2.277558 -0.524123 0.072765
v 0.642746 -0.524123 0.072765
v 2.277558 -0.231168 0.072765
v 0.238685 -0.231168 0.072765
v 0.500710 -0.231168 0.072765
v 0.850092 -0.191228 0.072765
v 1.220029 -0.524123 0.072765
v 1.077993 -0.231168 0.072765
v 1.369733 -0.231168 0.072765
v 1.141479 -0.191228 0.072765
v 1.797448 -0.524123 0.072765
v 1.655412 -0.231168 0.072765
v 1.944265 -0.231168 0.072765
v 1.719757 -0.191228 0.072765
v 2.011701 -0.191228 0.072765
v 1.430057 -0.191228 0.072765
v 0.563495 -0.191228 0.072765
v 0.789533 -0.231168 0.072765
v 0.313807 -0.386109 0.072765
v 0.583461 -0.401846 0.072765
v 2.277558 -0.401846 0.072765
v 0.937895 -0.386109 0.072765
v 1.160745 -0.401846 0.072765
v 1.415786 -0.326154 0.072765
v 1.180955 -0.286429 0.072765
v 1.738163 -0.401846 0.072765
v 1.990318 -0.326154 0.072765
v 1.759232 -0.286429 0.072765
v 2.099505 -0.386109 0.072765
v 1.517861 -0.386109 0.072765
v 0.602970 -0.286429 0.072765
v 0.835586 -0.326154 0.072765
v 1.043444 -0.492833 0.072765
v 0.916579 -0.231168 0.072765
v 0.999330 -0.401846 0.072765
v 0.419988 -0.491197 0.072765
v 0.293916 -0.231168 0.072765
v 0.376667 -0.401846 0.072765
v 1.620669 -0.492456 0.072765
v 1.493986 -0.231168 0.072765
v 1.576737 -0.401846 0.072765
v 2.209223 -0.502421 0.072765
v 2.095349 -0.231168 0.072765
v 2.154905 -0.401846 0.072765
v 2.277558 -0.524123 0.097276
v 0.642746 -0.524123 0.097276
v 2.277558 -0.231168 0.097276
v 0.238685 -0.231168 0.097276
v 0.500710 -0.231168 0.097276
v 0.850092 -0.191228 0.097276
v 1.220029 -0.524123 0.097276
v 1.077993 -0.231168 0.097276
v 1.369733 -0.231168 0.097276
v 1.141479 -0.191228 0.097276
v 1.797448 -0.524123 0.097276
v 1.655412 -0.231168 0.097276
v 1.944265 -0.231168 0.097276
v 1.719757 -0.191228 0.097276
v 2.011701 -0.191228 0.097276
v 1.430057 -0.191228 0.097276
v 0.563495 -0.191228 0.097276
v 0.789533 -0.231168 0.097276
v 0.313807 -0.386109 0.097276
v 0.583461 -0.401846 0.097276
v 2.277558 -0.401846 0.097276
v 0.937895 -0.386109 0.097276
v 1.160745 -0.401846 0.097276
v 1.415786 -0.326154 0.097276
v 1.180955 -0.286429 0.097276
v 1.738163 -0.401846 0.097276
v 1.990318 -0.326154 0.097276
v 1.759232 -0.286429 0.097276
v 2.099505 -0.386109 0.097276
v 1.517861 -0.386109 0.097276
v 0.602970 -0.286429 0.097276
v 0.835586 -0.326154 0.097276
v 1.043444 -0.492833 0.097276
v 0.916579 -0.231168 0.097276
v 0.999330 -0.401846 0.097276
v 0.419988 -0.491197 0.097276
v 0.293916 -0.231168 0.097276
v 0.376667 -0.401846 0.097276
v 1.620669 -0.492456 0.097276
v 1.493986 -0.231168 0.097276
v 1.576737 -0.401846 0.097276
v 2.209223 -0.502421 0.097276
v 2.095349 -0.231168 0.097276
v 2.154905 -0.401846 0.097276
v 1.369733 -0.231168 0.111592
v 1.655412 -0.231168 0.111592
v 1.719757 -0.191228 0.111592
v 1.430057 -0.191228 0.111592
v 1.077993 -0.231168 0.111592
v 1.141479 -0.191228 0.111592
v 1.944265 -0.231168 0.111592
v 2.011701 -0.191228 0.111592
v 1.832011 -0.211198 0.072765
v 1.874775 -0.306292 0.072765
v 1.849916 -0.214383 0.097276
v 1.893205 -0.309460 0.097276
v 1.255606 -0.211198 0.072765
v 1.298370 -0.306292 0.072765
v 1.273810 -0.214383 0.097276
v 1.317098 -0.309460 0.097276
v 0.676514 -0.211198 0.072765
v 0.719278 -0.306292 0.072765
v 0.694541 -0.214383 0.097276
v 0.737829 -0.309460 0.097276
v 1.960709 -0.265083 0.072765
v 1.733852 -0.225220 0.072765
v 1.960709 -0.265083 0.097276
v 1.733852 -0.225220 0.097276
v 1.865373 -0.248331 0.097276
v 1.847280 -0.245152 0.072765
v 1.386176 -0.265083 0.072765
v 1.155574 -0.225220 0.072765
v 1.386176 -0.265083 0.097276
v 1.155574 -0.225220 0.097276
v 1.289266 -0.248331 0.097276
v 1.270875 -0.245152 0.072765
v 0.577590 -0.225220 0.072765
v 0.805976 -0.265083 0.072765
v 0.577590 -0.225220 0.097276
v 0.805976 -0.265083 0.097276
v 0.709997 -0.248331 0.097276
v 0.691783 -0.245152 0.072765
v 1.155574 -0.225220 0.111592
v 1.180955 -0.286429 0.111592
v 1.733852 -0.225220 0.111592
v 1.759232 -0.286429 0.111592
v 0.577590 -0.225220 0.111592
v 0.602970 -0.286429 0.111592
v 1.893205 -0.309460 0.111592
v 1.865373 -0.248331 0.111592
v 1.317098 -0.309460 0.111592
v 1.289266 -0.248331 0.111592
v 0.737829 -0.309460 0.111592
v 0.709997 -0.248331 0.111592
v 0.020128 -0.256528 0.072765
v 0.007323 -0.250163 0.072765
v 0.007323 -0.260545 0.072765
v 0.020128 -0.256528 0.097276
v 0.007323 -0.250163 0.097276
v 0.007323 -0.260545 0.097276
v 0.069675 -0.231168 0.072765
v 0.040808 -0.240866 0.072765
v 0.053613 -0.215106 0.072765
v 0.054567 -0.234008 0.072765
v 0.040808 -0.240866 0.097276
v 0.069675 -0.231168 0.097276
v 0.053613 -0.215106 0.097276
v 0.054567 -0.234008 0.097276
v 1.802503 0.083486 0.072765
v 2.277558 0.691096 0.072765
v 0.642746 0.691096 0.072765
v 2.277558 0.398140 0.072765
v 0.238685 0.398140 0.072765
v 0.500710 0.398140 0.072765
v 0.850092 0.358201 0.072765
v 1.220029 0.691096 0.072765
v 1.077993 0.398140 0.072765
v 1.369733 0.398140 0.072765
v 1.141479 0.358201 0.072765
v 1.797448 0.691096 0.072765
v 1.655412 0.398140 0.072765
v 1.944265 0.398140 0.072765
v 1.719757 0.358201 0.072765
v 2.011701 0.358201 0.072765
v 1.430057 0.358201 0.072765
v 0.563495 0.358201 0.072765
v 0.789533 0.398140 0.072765
v 0.313807 0.553081 0.072765
v 0.583461 0.568819 0.072765
v 2.277558 0.568819 0.072765
v 0.937895 0.553081 0.072765
v 1.160745 0.568819 0.072765
v 1.415786 0.493127 0.072765
v 1.180955 0.453402 0.072765
v 1.738163 0.568819 0.072765
v 1.990318 0.493127 0.072765
v 1.759232 0.453402 0.072765
v 2.099505 0.553081 0.072765
v 1.517861 0.553081 0.072765
v 0.602970 0.453402 0.072765
v 0.835586 0.493127 0.072765
v 1.043444 0.659806 0.072765
v 0.916579 0.398140 0.072765
v 0.999330 0.568819 0.072765
v 0.419988 0.658170 0.072765
v 0.293916 0.398140 0.072765
v 0.376667 0.568819 0.072765
v 1.620669 0.659429 0.072765
v 1.493986 0.398140 0.072765
v 1.576737 0.568819 0.072765
v 2.209223 0.669393 0.072765
v 2.095349 0.398140 0.072765
v 2.154905 0.568819 0.072765
v 2.277558 0.691096 0.097276
v 0.642746 0.691096 0.097276
v 2.277558 0.398140 0.097276
v 0.238685 0.398140 0.097276
v 0.500710 0.398140 0.097276
v 0.850092 0.358201 0.097276
v 1.220029 0.691096 0.097276
v 1.077993 0.398140 0.097276
v 1.369733 0.398140 0.097276
v 1.141479 0.358201 0.097276
v 1.797448 0.691096 0.097276
v 1.655412 0.398140 0.097276
v 1.944265 0.398140 0.097276
v 1.719757 0.358201 0.097276
v 2.011701 0.358201 0.097276
v 1.430057 0.358201 0.097276
v 0.563495 0.358201 0.097276
v 0.789533 0.398140 0.097276
v 0.313807 0.553081 0.097276
v 0.583461 0.568819 0.097276
v 2.277558 0.568819 0.097276
v 0.937895 0.553081 0.097276
v 1.160745 0.568819 0.097276
v 1.415786 0.493127 0.097276
v 1.180955 0.453402 0.097276
v 1.738163 0.568819 0.097276
v 1.990318 0.493127 0.097276
v 1.759232 0.453402 0.097276
v 2.099505 0.553081 0.097276
v 1.517861 0.553081 0.097276
v 0.602970 0.453402 0.097276
v 0.835586 0.493127 0.097276
v 1.043444 0.659806 0.097276
v 0.916579 0.398140 0.097276
v 0.999330 0.568819 0.097276
v 0.419988 0.658170 0.097276
v 0.293916 0.398140 0.097276
v 0.376667 0.568819 0.097276
v 1.620669 0.659429 0.097276
v 1.493986 0.398140 0.097276
v 1.576737 0.568819 0.097276
v 2.209223 0.669393 0.097276
v 2.095349 0.398140 0.097276
v 2.154905 0.568819 0.097276
v 1.369733 0.398140 0.111592
v 1.655412 0.398140 0.111592
v 1.719757 0.358201 0.111592
v 1.430057 0.358201 0.111592
v 1.077993 0.398140 0.111592
v 1.141479 0.358201 0.111592
v 1.944265 0.398140 0.111592
v 2.011701 0.358201 0.111592
v 1.832011 0.378171 0.072765
v 1.874775 0.473264 0.072765
v 1.849916 0.381356 0.097276
v 1.893205 0.476432 0.097276
v 1.255606 0.378171 0.072765
v 1.298370 0.473264 0.072765
v 1.273810 0.381356 0.097276
v 1.317098 0.476432 0.097276
v 0.676514 0.378171 0.072765
v 0.719278 0.473264 0.072765
v 0.694541 0.381356 0.097276
v 0.737829 0.476432 0.097276
v 1.960709 0.432056 0.072765
v 1.733852 0.392193 0.072765
v 1.960709 0.432056 0.097276
v 1.733852 0.392193 0.097276
v 1.865373 0.415303 0.097276
v 1.847280 0.412124 0.072765
v 1.386176 0.432056 0.072765
v 1.155574 0.392193 0.072765
v 1.386176 0.432056 0.097276
v 1.155574 0.392193 0.097276
v 1.289266 0.415303 0.097276
v 1.270875 0.412124 0.072765
v 0.577590 0.392193 0.072765
v 0.805976 0.432056 0.072765
v 0.577590 0.392193 0.097276
v 0.805976 0.432056 0.097276
v 0.709997 0.415303 0.097276
v 0.691783 0.412124 0.072765
v 1.155574 0.392193 0.111592
v 1.180955 0.453402 0.111592
v 1.733852 0.392193 0.111592
v 1.759232 0.453402 0.111592
v 0.577590 0.392193 0.111592
v 0.602970 0.453402 0.111592
v 1.893205 0.476432 0.111592
v 1.865373 0.415303 0.111592
v 1.317098 0.476432 0.111592
v 1.289266 0.415303 0.111592
v 0.737829 0.476432 0.111592
v 0.709997 0.415303 0.111592
v -0.224039 0.083486 0.072765
v -0.486063 0.083486 0.072765
v -2.262912 0.083486 0.072765
v -0.835445 0.083486 0.072765
v -0.924912 0.083486 0.072765
v -1.210963 0.083486 0.072765
v -1.005115 0.083486 0.072765
v -1.496643 0.083486 0.072765
v -1.581374 0.083486 0.072765
v -1.881218 0.083486 0.072765
v -1.302633 0.083486 0.072765
v -0.548848 0.083486 0.072765
v -0.774886 0.083486 0.072765
v -0.038966 0.083486 0.072765
v -0.901932 0.083486 0.072765
v -0.279269 0.083486 0.072765
v -1.355603 0.083486 0.072765
v -1.956966 0.083486 0.072765
v -0.224039 0.083486 0.097276
v -0.486063 0.083486 0.097276
v -2.262912 0.083486 0.097276
v -0.835445 0.083486 0.097276
v -0.924912 0.083486 0.097276
v -1.210963 0.083486 0.097276
v -1.005115 0.083486 0.097276
v -1.496643 0.083486 0.097276
v -1.794415 0.083486 0.097276
v -1.581374 0.083486 0.097276
v -1.881218 0.083486 0.097276
v -1.302633 0.083486 0.097276
v -0.548848 0.083486 0.097276
v -0.774886 0.083486 0.097276
v -0.038966 0.083486 0.097276
v -0.901932 0.083486 0.097276
v -0.279269 0.083486 0.097276
v -1.355603 0.083486 0.097276
v -1.956966 0.083486 0.097276
v -1.210963 0.083486 0.111592
v -1.496643 0.083486 0.111592
v -1.581374 0.083486 0.111592
v -1.302633 0.083486 0.111592
v -0.924912 0.083486 0.111592
v -1.005115 0.083486 0.111592
v -1.794415 0.083486 0.111592
v -1.881218 0.083486 0.111592
v -1.687895 0.083486 0.097276
v -1.108039 0.083486 0.072765
v -1.108039 0.083486 0.097276
v -0.661867 0.083486 0.072765
v -0.661867 0.083486 0.097276
v -2.262912 -0.524123 0.072765
v -0.628099 -0.524123 0.072765
v -2.262912 -0.231168 0.072765
v -0.224039 -0.231168 0.072765
v -0.486063 -0.231168 0.072765
v -0.835445 -0.191228 0.072765
v -1.205383 -0.524123 0.072765
v -1.063347 -0.231168 0.072765
v -1.355086 -0.231168 0.072765
v -1.126833 -0.191228 0.072765
v -1.782801 -0.524123 0.072765
v -1.640765 -0.231168 0.072765
v -1.929619 -0.231168 0.072765
v -1.705110 -0.191228 0.072765
v -1.997055 -0.191228 0.072765
v -1.415410 -0.191228 0.072765
v -0.548848 -0.191228 0.072765
v -0.774886 -0.231168 0.072765
v -0.299160 -0.386109 0.072765
v -0.568815 -0.401846 0.072765
v -2.262912 -0.401846 0.072765
v -0.923249 -0.386109 0.072765
v -1.146098 -0.401846 0.072765
v -1.401139 -0.326154 0.072765
v -1.166308 -0.286429 0.072765
v -1.723517 -0.401846 0.072765
v -1.975672 -0.326154 0.072765
v -1.744586 -0.286429 0.072765
v -2.084859 -0.386109 0.072765
v -1.503214 -0.386109 0.072765
v -0.588323 -0.286429 0.072765
v -0.820939 -0.326154 0.072765
v -1.028798 -0.492833 0.072765
v -0.901932 -0.231168 0.072765
v -0.984683 -0.401846 0.072765
v -0.405341 -0.491197 0.072765
v -0.279269 -0.231168 0.072765
v -0.362021 -0.401846 0.072765
v -1.606022 -0.492456 0.072765
v -1.479339 -0.231168 0.072765
v -1.562091 -0.401846 0.072765
v -2.194577 -0.502421 0.072765
v -2.080703 -0.231168 0.072765
v -2.140259 -0.401846 0.072765
v -2.262912 -0.524123 0.097276
v -0.628099 -0.524123 0.097276
v -2.262912 -0.231168 0.097276
v -0.224039 -0.231168 0.097276
v -0.486063 -0.231168 0.097276
v -0.835445 -0.191228 0.097276
v -1.205383 -0.524123 0.097276
v -1.063347 -0.231168 0.097276
v -1.355086 -0.231168 0.097276
v -1.126833 -0.191228 0.097276
v -1.782801 -0.524123 0.097276
v -1.640765 -0.231168 0.097276
v -1.929619 -0.231168 0.097276
v -1.705110 -0.191228 0.097276
v -1.997055 -0.191228 0.097276
v -1.415410 -0.191228 0.097276
v -0.548848 -0.191228 0.097276
v -0.774886 -0.231168 0.097276
v -0.299160 -0.386109 0.097276
v -0.568815 -0.401846 0.097276
v -2.262912 -0.401846 0.097276
v -0.923249 -0.386109 0.097276
v -1.146098 -0.401846 0.097276
v -1.401139 -0.326154 0.097276
v -1.166308 -0.286429 0.097276
v -1.723517 -0.401846 0.097276
v -1.975672 -0.326154 0.097276
v -1.744586 -0.286429 0.097276
v -2.084859 -0.386109 0.097276
v -1.503214 -0.386109 0.097276
v -0.588323 -0.286429 0.097276
v -0.820939 -0.326154 0.097276
v -1.028798 -0.492833 0.097276
v -0.901932 -0.231168 0.097276
v -0.984683 -0.401846 0.097276
v -0.405341 -0.491197 0.097276
v -0.279269 -0.231168 0.097276
v -0.362021 -0.401846 0.097276
v -1.606022 -0.492456 0.097276
v -1.479339 -0.231168 0.097276
v -1.562091 -0.401846 0.097276
v -2.194577 -0.502421 0.097276
v -2.080703 -0.231168 0.097276
v -2.140259 -0.401846 0.097276
v -1.355086 -0.231168 0.111592
v -1.640765 -0.231168 0.111592
v -1.705110 -0.191228 0.111592
v -1.415410 -0.191228 0.111592
v -1.063347 -0.231168 0.111592
v -1.126833 -0.191228 0.111592
v -1.929619 -0.231168 0.111592
v -1.997055 -0.191228 0.111592
v -1.817365 -0.211198 0.072765
v -1.860129 -0.306292 0.072765
v -1.835270 -0.214383 0.097276
v -1.878558 -0.309460 0.097276
v -1.240959 -0.211198 0.072765
v -1.283723 -0.306292 0.072765
v -1.259163 -0.214383 0.097276
v -1.302452 -0.309460 0.097276
v -0.661867 -0.211198 0.072765
v -0.704631 -0.306292 0.072765
v -0.679894 -0.214383 0.097276
v -0.723183 -0.309460 0.097276
v -1.946062 -0.265083 0.072765
v -1.719205 -0.225220 0.072765
v -1.946062 -0.265083 0.097276
v -1.719205 -0.225220 0.097276
v -1.850726 -0.248331 0.097276
v -1.832634 -0.245152 0.072765
v -1.371529 -0.265083 0.072765
v -1.140927 -0.225220 0.072765
v -1.371529 -0.265083 0.097276
v -1.140927 -0.225220 0.097276
v -1.274619 -0.248331 0.097276
v -1.256228 -0.245152 0.072765
v -0.562943 -0.225220 0.072765
v -0.791329 -0.265083 0.072765
v -0.562943 -0.225220 0.097276
v -0.791329 -0.265083 0.097276
v -0.695350 -0.248331 0.097276
v -0.677136 -0.245152 0.072765
v -1.140927 -0.225220 0.111592
v -1.166308 -0.286429 0.111592
v -1.719205 -0.225220 0.111592
v -1.744586 -0.286429 0.111592
v -0.562943 -0.225220 0.111592
v -0.588323 -0.286429 0.111592
v -1.878558 -0.309460 0.111592
v -1.850726 -0.248331 0.111592
v -1.302452 -0.309460 0.111592
v -1.274619 -0.248331 0.111592
v -0.723183 -0.309460 0.111592
v -0.695350 -0.248331 0.111592
v -0.005481 -0.256528 0.072765
v -0.005481 -0.256528 0.097276
v -0.055029 -0.231168 0.072765
v -0.026162 -0.240866 0.072765
v -0.038966 -0.215106 0.072765
v -0.039920 -0.234008 0.072765
v -0.026162 -0.240866 0.097276
v -0.055029 -0.231168 0.097276
v -0.038966 -0.215106 0.097276
v -0.039920 -0.234008 0.097276
v -1.787856 0.083486 0.072765
v -2.262912 0.691096 0.072765
v -0.628099 0.691096 0.072765
v -2.262912 0.398140 0.072765
v -0.224039 0.398140 0.072765
v -0.486063 0.398140 0.072765
v -0.835445 0.358201 0.072765
v -1.205383 0.691096 0.072765
v -1.063347 0.398140 0.072765
v -1.355086 0.398140 0.072765
v -1.126833 0.358201 0.072765
v -1.782801 0.691096 0.072765
v -1.640765 0.398140 0.072765
v -1.929619 0.398140 0.072765
v -1.705110 0.358201 0.072765
v -1.997055 0.358201 0.072765
v -1.415410 0.358201 0.072765
v -0.548848 0.358201 0.072765
v -0.774886 0.398140 0.072765
v -0.299160 0.553081 0.072765
v -0.568815 0.568819 0.072765
v -2.262912 0.568819 0.072765
v -0.923249 0.553081 0.072765
v -1.146098 0.568819 0.072765
v -1.401139 0.493127 0.072765
v -1.166308 0.453402 0.072765
v -1.723517 0.568819 0.072765
v -1.975672 0.493127 0.072765
v -1.744586 0.453402 0.072765
v -2.084859 0.553081 0.072765
v -1.503214 0.553081 0.072765
v -0.588323 0.453402 0.072765
v -0.820939 0.493127 0.072765
v -1.028798 0.659806 0.072765
v -0.901932 0.398140 0.072765
v -0.984683 0.568819 0.072765
v -0.405341 0.658170 0.072765
v -0.279269 0.398140 0.072765
v -0.362021 0.568819 0.072765
v -1.606022 0.659429 0.072765
v -1.479339 0.398140 0.072765
v -1.562091 0.568819 0.072765
v -2.194577 0.669393 0.072765
v -2.080703 0.398140 0.072765
v -2.140259 0.568819 0.072765
v -2.262912 0.691096 0.097276
v -0.628099 0.691096 0.097276
v -2.262912 0.398140 0.097276
v -0.224039 0.398140 0.097276
v -0.486063 0.398140 0.097276
v -0.835445 0.358201 0.097276
v -1.205383 0.691096 0.097276
v -1.063347 0.398140 0.097276
v -1.355086 0.398140 0.097276
v -1.126833 0.358201 0.097276
v -1.782801 0.691096 0.097276
v -1.640765 0.398140 0.097276
v -1.929619 0.398140 0.097276
v -1.705110 0.358201 0.097276
v -1.997055 0.358201 0.097276
v -1.415410 0.358201 0.097276
v -0.548848 0.358201 0.097276
v -0.774886 0.398140 0.097276
v -0.299160 0.553081 0.097276
v -0.568815 0.568819 0.097276
v -2.262912 0.568819 0.097276
v -0.923249 0.553081 0.097276
v -1.146098 0.568819 0.097276
v -1.401139 0.493127 0.097276
v -1.166308 0.453402 0.097276
v -1.723517 0.568819 0.097276
v -1.975672 0.493127 0.097276
v -1.744586 0.453402 0.097276
v -2.084859 0.553081 0.097276
v -1.503214 0.553081 0.097276
v -0.588323 0.453402 0.097276
v -0.820939 0.493127 0.097276
v -1.028798 0.659806 0.097276
v -0.901932 0.398140 0.097276
v -0.984683 0.568819 0.097276
v -0.405341 0.658170 0.097276
v -0.279269 0.398140 0.097276
v -0.362021 0.568819 0.097276
v -1.606022 0.659429 0.097276
v -1.479339 0.398140 0.097276
v -1.562091 0.568819 0.097276
v -2.194577 0.669393 0.097276
v -2.080703 0.398140 0.097276
v -2.140259 0.568819 0.097276
v -1.355086 0.398140 0.111592
v -1.640765 0.398140 0.111592
v -1.705110 0.358201 0.111592
v -1.415410 0.358201 0.111592
v -1.063347 0.398140 0.111592
v -1.126833 0.358201 0.111592
v -1.929619 0.398140 0.111592
v -1.997055 0.358201 0.111592
v -1.817365 0.378171 0.072765
v -1.860129 0.473264 0.072765
v -1.835270 0.381356 0.097276
v -1.878558 0.476432 0.097276
v -1.240959 0.378171 0.072765
v -1.283723 0.473264 0.072765
v -1.259163 0.381356 0.097276
v -1.302452 0.476432 0.097276
v -0.661867 0.378171 0.072765
v -0.704631 0.473264 0.072765
v -0.679894 0.381356 0.097276
v -0.723183 0.476432 0.097276
v -1.946062 0.432056 0.072765
v -1.719205 0.392193 0.072765
v -1.946062 0.432056 0.097276
v -1.719205 0.392193 0.097276
v -1.850726 0.415303 0.097276
v -1.832634 0.412124 0.072765
v -1.371529 0.432056 0.072765
v -1.140927 0.392193 0.072765
v -1.371529 0.432056 0.097276
v -1.140927 0.392193 0.097276
v -1.274619 0.415303 0.097276
v -1.256228 0.412124 0.072765
v -0.562943 0.392193 0.072765
v -0.791329 0.432056 0.072765
v -0.562943 0.392193 0.097276
v -0.791329 0.432056 0.097276
v -0.695350 0.415303 0.097276
v -0.677136 0.412124 0.072765
v -1.140927 0.392193 0.111592
v -1.166308 0.453402 0.111592
v -1.719205 0.392193 0.111592
v -1.744586 0.453402 0.111592
v -0.562943 0.392193 0.111592
v -0.588323 0.453402 0.111592
v -1.878558 0.476432 0.111592
v -1.850726 0.415303 0.111592
v -1.302452 0.476432 0.111592
v -1.274619 0.415303 0.111592
v -0.723183 0.476432 0.111592
v -0.695350 0.415303 0.111592
v 0.003469 0.365529 0.072765
v 0.011177 0.365529 0.072765
v 0.007323 0.354292 0.072765
v 0.005913 0.363714 0.072765
v 0.008734 0.363714 0.072765
v 0.011177 0.365529 0.097276
v 0.003469 0.365529 0.097276
v 0.007323 0.354292 0.097276
v 0.008734 0.363714 0.097276
v 0.005913 0.363714 0.097276
v 0.032674 0.393183 0.072765
v 0.042808 0.398140 0.072765
v 0.036869 0.391870 0.072765
v 0.035443 0.395662 0.072765
v 0.039152 0.397476 0.072765
v 0.042808 0.398140 0.097276
v 0.032674 0.393183 0.097276
v 0.036869 0.391870 0.097276
v 0.039152 0.397476 0.097276
v 0.035443 0.395662 0.097276
v -0.028161 0.398140 0.072765
v -0.018028 0.393183 0.072765
v -0.022222 0.391870 0.072765
v -0.024505 0.397476 0.072765
v -0.020796 0.395662 0.072765
v -0.018028 0.393183 0.097276
v -0.028161 0.398140 0.097276
v -0.022222 0.391870 0.097276
v -0.020796 0.395662 0.097276
v -0.024505 0.397476 0.097276
v 0.007323 0.083486 -0.072765
v 0.007323 0.083486 -0.097276
v 0.238685 0.083486 -0.072765
v 0.500710 0.083486 -0.072765
v 2.277558 0.083486 -0.072765
v 0.850092 0.083486 -0.072765
v 0.939559 0.083486 -0.072765
v 1.225610 0.083486 -0.072765
v 1.019761 0.083486 -0.072765
v 1.511290 0.083486 -0.072765
v 1.596021 0.083486 -0.072765
v 1.895865 0.083486 -0.072765
v 1.317280 0.083486 -0.072765
v 0.563495 0.083486 -0.072765
v 0.789533 0.083486 -0.072765
v 0.053613 0.083486 -0.072765
v 0.916579 0.083486 -0.072765
v 0.293916 0.083486 -0.072765
v 1.370250 0.083486 -0.072765
v 1.971613 0.083486 -0.072765
v 0.238685 0.083486 -0.097276
v 0.500710 0.083486 -0.097276
v 2.277558 0.083486 -0.097276
v 0.850092 0.083486 -0.097276
v 0.939559 0.083486 -0.097276
v 1.225610 0.083486 -0.097276
v 1.019761 0.083486 -0.097276
v 1.511290 0.083486 -0.097276
v 1.809062 0.083486 -0.097276
v 1.596021 0.083486 -0.097276
v 1.895865 0.083486 -0.097276
v 1.317280 0.083486 -0.097276
v 0.563495 0.083486 -0.097276
v 0.789533 0.083486 -0.097276
v 0.053613 0.083486 -0.097276
v 0.916579 0.083486 -0.097276
v 0.293916 0.083486 -0.097276
v 1.370250 0.083486 -0.097276
v 1.971613 0.083486 -0.097276
v 1.225610 0.083486 -0.111592
v 1.511290 0.083486 -0.111592
v 1.596021 0.083486 -0.111592
v 1.317280 0.083486 -0.111592
v 0.939559 0.083486 -0.111592
v 1.019761 0.083486 -0.111592
v 1.809062 0.083486 -0.111592
v 1.895865 0.083486 -0.111592
v 1.702542 0.083486 -0.097276
v 1.122686 0.083486 -0.072765
v 1.122686 0.083486 -0.097276
v 0.676514 0.083486 -0.072765
v 0.676514 0.083486 -0.097276
v 2.277558 -0.524123 -0.072765
v 0.642746 -0.524123 -0.072765
v 2.277558 -0.231168 -0.072765
v 0.238685 -0.231168 -0.072765
v 0.500710 -0.231168 -0.072765
v 0.850092 -0.191228 -0.072765
v 1.220029 -0.524123 -0.072765
v 1.077993 -0.231168 -0.072765
v 1.369733 -0.231168 -0.072765
v 1.141479 -0.191228 -0.072765
v 1.797448 -0.524123 -0.072765
v 1.655412 -0.231168 -0.072765
v 1.944265 -0.231168 -0.072765
v 1.719757 -0.191228 -0.072765
v 2.011701 -0.191228 -0.072765
v 1.430057 -0.191228 -0.072765
v 0.563495 -0.191228 -0.072765
v 0.789533 -0.231168 -0.072765
v 0.313807 -0.386109 -0.072765
v 0.583461 -0.401846 -0.072765
v 2.277558 -0.401846 -0.072765
v 0.937895 -0.386109 -0.072765
v 1.160745 -0.401846 -0.072765
v 1.415786 -0.326154 -0.072765
v 1.180955 -0.286429 -0.072765
v 1.738163 -0.401846 -0.072765
v 1.990318 -0.326154 -0.072765
v 1.759232 -0.286429 -0.072765
v 2.099505 -0.386109 -0.072765
v 1.517861 -0.386109 -0.072765
v 0.602970 -0.286429 -0.072765
v 0.835586 -0.326154 -0.072765
v 1.043444 -0.492833 -0.072765
v 0.916579 -0.231168 -0.072765
v 0.999330 -0.401846 -0.072765
v 0.419988 -0.491197 -0.072765
v 0.293916 -0.231168 -0.072765
v 0.376667 -0.401846 -0.072765
v 1.620669 -0.492456 -0.072765
v 1.493986 -0.231168 -0.072765
v 1.576737 -0.401846 -0.072765
v 2.209223 -0.502421 -0.072765
v 2.095349 -0.231168 -0.072765
v 2.154905 -0.401846 -0.072765
v 2.277558 -0.524123 -0.097276
v 0.642746 -0.524123 -0.097276
v 2.277558 -0.231168 -0.097276
v 0.238685 -0.231168 -0.097276
v 0.500710 -0.231168 -0.097276
v 0.850092 -0.191228 -0.097276
v 1.220029 -0.524123 -0.097276
v 1.077993 -0.231168 -0.097276
v 1.369733 -0.231168 -0.097276
v 1.141479 -0.191228 -0.097276
v 1.797448 -0.524123 -0.097276
v 1.655412 -0.231168 -0.097276
v 1.944265 -0.231168 -0.097276
v 1.719757 -0.191228 -0.097276
v 2.011701 -0.191228 -0.097276
v 1.430057 -0.191228 -0.097276
v 0.563495 -0.191228 -0.097276
v 0.789533 -0.231168 -0.097276
v 0.313807 -0.386109 -0.097276
v 0.583461 -0.401846 -0.097276
v 2.277558 -0.401846 -0.097276
v 0.937895 -0.386109 -0.097276
v 1.160745 -0.401846 -0.097276
v 1.415786 -0.326154 -0.097276
v 1.180955 -0.286429 -0.097276
v 1.738163 -0.401846 -0.097276
v 1.990318 -0.326154 -0.097276
v 1.759232 -0.286429 -0.097276
v 2.099505 -0.386109 -0.097276
v 1.517861 -0.386109 -0.097276
v 0.602970 -0.286429 -0.097276
v 0.835586 -0.326154 -0.097276
v 1.043444 -0.492833 -0.097276
v 0.916579 -0.231168 -0.097276
v 0.999330 -0.401846 -0.097276
v 0.419988 -0.491197 -0.097276
v 0.293916 -0.231168 -0.097276
v 0.376667 -0.401846 -0.097276
v 1.620669 -0.492456 -0.097276
v 1.493986 -0.231168 -0.097276
v 1.576737 -0.401846 -0.097276
v 2.209223 -0.502421 -0.097276
v 2.095349 -0.231168 -0.097276
v 2.154905 -0.401846 -0.097276
v 1.369733 -0.231168 -0.111592
v 1.655412 -0.231168 -0.111592
v 1.719757 -0.191228 -0.111592
v 1.430057 -0.191228 -0.111592
v 1.077993 -0.231168 -0.111592
v 1.141479 -0.191228 -0.111592
v 1.944265 -0.231168 -0.111592
v 2.011701 -0.191228 -0.111592
v 1.832011 -0.211198 -0.072765
v 1.874775 -0.306292 -0.072765
v 1.849916 -0.214383 -0.097276
v 1.893205 -0.309460 -0.097276
v 1.255606 -0.211198 -0.072765
v 1.298370 -0.306292 -0.072765
v 1.273810 -0.214383 -0.097276
v 1.317098 -0.309460 -0.097276
v 0.676514 -0.211198 -0.072765
v 0.719278 -0.306292 -0.072765
v 0.694541 -0.214383 -0.097276
v 0.737829 -0.309460 -0.097276
v 1.960709 -0.265083 -0.072765
v 1.733852 -0.225220 -0.072765
v 1.960709 -0.265083 -0.097276
v 1.733852 -0.225220 -0.097276
v 1.865373 -0.248331 -0.097276
v 1.847280 -0.245152 -0.072765
v 1.386176 -0.265083 -0.072765
v 1.155574 -0.225220 -0.072765
v 1.386176 -0.265083 -0.097276
v 1.155574 -0.225220 -0.097276
v 1.289266 -0.248331 -0.097276
v 1.270875 -0.245152 -0.072765
v 0.577590 -0.225220 -0.072765
v 0.805976 -0.265083 -0.072765
v 0.577590 -0.225220 -0.097276
v 0.805976 -0.265083 -0.097276
v 0.709997 -0.248331 -0.097276
v 0.691783 -0.245152 -0.072765
v 1.155574 -0.225220 -0.111592
v 1.180955 -0.286429 -0.111592
v 1.733852 -0.225220 -0.111592
v 1.759232 -0.286429 -0.111592
v 0.577590 -0.225220 -0.111592
v 0.602970 -0.286429 -0.111592
v 1.893205 -0.309460 -0.111592
v 1.865373 -0.248331 -0.111592
v 1.317098 -0.309460 -0.111592
v 1.289266 -0.248331 -0.111592
v 0.737829 -0.309460 -0.111592
v 0.709997 -0.248331 -0.111592
v 0.020128 -0.256528 -0.072765
v 0.007323 -0.250163 -0.072765
v 0.007323 -0.260545 -0.072765
v 0.020128 -0.256528 -0.097276
v 0.007323 -0.250163 -0.097276
v 0.007323 -0.260545 -0.097276
v 0.069675 -0.231168 -0.072765
v 0.040808 -0.240866 -0.072765
v 0.053613 -0.215106 -0.072765
v 0.054567 -0.234008 -0.072765
v 0.040808 -0.240866 -0.097276
v 0.069675 -0.231168 -0.097276
v 0.053613 -0.215106 -0.097276
v 0.054567 -0.234008 -0.097276
v 1.802503 0.083486 -0.072765
v 2.277558 0.691096 -0.072765
v 0.642746 0.691096 -0.072765
v 2.277558 0.398140 -0.072765
v 0.238685 0.398140 -0.072765
v 0.500710 0.398140 -0.072765
v 0.850092 0.358201 -0.072765
v 1.220029 0.691096 -0.072765
v 1.077993 0.398140 -0.072765
v 1.369733 0.398140 -0.072765
v 1.141479 0.358201 -0.072765
v 1.797448 0.691096 -0.072765
v 1.655412 0.398140 -0.072765
v 1.944265 0.398140 -0.072765
v 1.719757 0.358201 -0.072765
v 2.011701 0.358201 -0.072765
v 1.430057 0.358201 -0.072765
v 0.563495 0.358201 -0.072765
v 0.789533 0.398140 -0.072765
v 0.313807 0.553081 -0.072765
v 0.583461 0.568819 -0.072765
v 2.277558 0.568819 -0.072765
v 0.937895 0.553081 -0.072765
v 1.160745 0.568819 -0.072765
v 1.415786 0.493127 -0.072765
v 1.180955 0.453402 -0.072765
v 1.738163 0.568819 -0.072765
v 1.990318 0.493127 -0.072765
v 1.759232 0.453402 -0.072765
v 2.099505 0.553081 -0.072765
v 1.517861 0.553081 -0.072765
v 0.602970 0.453402 -0.072765
v 0.835586 0.493127 -0.072765
v 1.043444 0.659806 -0.072765
v 0.916579 0.398140 -0.072765
v 0.999330 0.568819 -0.072765
v 0.419988 0.658170 -0.072765
v 0.293916 0.398140 -0.072765
v 0.376667 0.568819 -0.072765
v 1.620669 0.659429 -0.072765
v 1.493986 0.398140 -0.072765
v 1.576737 0.568819 -0.072765
v 2.209223 0.669393 -0.072765
v 2.095349 0.398140 -0.072765
v 2.154905 0.568819 -0.072765
v 2.277558 0.691096 -0.097276
v 0.642746 0.691096 -0.097276
v 2.277558 0.398140 -0.097276
v 0.238685 0.398140 -0.097276
v 0.500710 0.398140 -0.097276
v 0.850092 0.358201 -0.097276
v 1.220029 0.691096 -0.097276
v 1.077993 0.398140 -0.097276
v 1.369733 0.398140 -0.097276
v 1.141479 0.358201 -0.097276
v 1.797448 0.691096 -0.097276
v 1.655412 0.398140 -0.097276
v 1.944265 0.398140 -0.097276
v 1.719757 0.358201 -0.097276
v 2.011701 0.358201 -0.097276
v 1.430057 0.358201 -0.097276
v 0.563495 0.358201 -0.097276
v 0.789533 0.398140 -0.097276
v 0.313807 0.553081 -0.097276
v 0.583461 0.568819 -0.097276
v 2.277558 0.568819 -0.097276
v 0.937895 0.553081 -0.097276
v 1.160745 0.568819 -0.097276
v 1.415786 0.493127 -0.097276
v 1.180955 0.453402 -0.097276
v 1.738163 0.568819 -0.097276
v 1.990318 0.493127 -0.097276
v 1.759232 0.453402 -0.097276
v 2.099505 0.553081 -0.097276
v 1.517861 0.553081 -0.097276
v 0.602970 0.453402 -0.097276
v 0.835586 0.493127 -0.097276
v 1.043444 0.659806 -0.097276
v 0.916579 0.398140 -0.097276
v 0.999330 0.568819 -0.097276
v 0.419988 0.658170 -0.097276
v 0.293916 0.398140 -0.097276
v 0.376667 0.568819 -0.097276
v 1.620669 0.659429 -0.097276
v 1.493986 0.398140 -0.097276
v 1.576737 0.568819 -0.097276
v 2.209223 0.669393 -0.097276
v 2.095349 0.398140 -0.097276
v 2.154905 0.568819 -0.097276
v 1.369733 0.398140 -0.111592
v 1.655412 0.398140 -0.111592
v 1.719757 0.358201 -0.111592
v 1.430057 0.358201 -0.111592
v 1.077993 0.398140 -0.111592
v 1.141479 0.358201 -0.111592
v 1.944265 0.398140 -0.111592
v 2.011701 0.358201 -0.111592
v 1.832011 0.378171 -0.072765
v 1.874775 0.473264 -0.072765
v 1.849916 0.381356 -0.097276
v 1.893205 0.476432 -0.097276
v 1.255606 0.378171 -0.072765
v 1.298370 0.473264 -0.072765
v 1.273810 0.381356 -0.097276
v 1.317098 0.476432 -0.097276
v 0.676514 0.378171 -0.072765
v 0.719278 0.473264 -0.072765
v 0.694541 0.381356 -0.097276
v 0.737829 0.476432 -0.097276
v 1.960709 0.432056 -0.072765
v 1.733852 0.392193 -0.072765
v 1.960709 0.432056 -0.097276
v 1.733852 0.392193 -0.097276
v 1.865373 0.415303 -0.097276
v 1.847280 0.412124 -0.072765
v 1.386176 0.432056 -0.072765
v 1.155574 0.392193 -0.072765
v 1.386176 0.432056 -0.097276
v 1.155574 0.392193 -0.097276
v 1.289266 0.415303 -0.097276
v 1.270875 0.412124 -0.072765
v 0.577590 0.392193 -0.072765
v 0.805976 0.432056 -0.072765
v 0.577590 0.392193 -0.097276
v 0.805976 0.432056 -0.097276
v 0.709997 0.415303 -0.097276
v 0.691783 0.412124 -0.072765
v 1.155574 0.392193 -0.111592
v 1.180955 0.453402 -0.111592
v 1.733852 0.392193 -0.111592
v 1.759232 0.453402 -0.111592
v 0.577590 0.392193 -0.111592
v 0.602970 0.453402 -0.111592
v 1.893205 0.476432 -0.111592
v 1.865373 0.415303 -0.111592
v 1.317098 0.476432 -0.111592
v 1.289266 0.415303 -0.111592
v 0.737829 0.476432 -0.111592
v 0.709997 0.415303 -0.111592
v -0.224039 0.083486 -0.072765
v -0.486063 0.083486 -0.072765
v -2.262912 0.083486 -0.072765
v -0.835445 0.083486 -0.072765
v -0.924912 0.083486 -0.072765
v -1.210963 0.083486 -0.072765
v -1.005115 0.083486 -0.072765
v -1.496643 0.083486 -0.072765
v -1.581374 0.083486 -0.072765
v -1.881218 0.083486 -0.072765
v -1.302633 0.083486 -0.072765
v -0.548848 0.083486 -0.072765
v -0.774886 0.083486 -0.072765
v -0.038966 0.083486 -0.072765
v -0.901932 0.083486 -0.072765
v -0.279269 0.083486 -0.072765
v -1.355603 0.083486 -0.072765
v -1.956966 0.083486 -0.072765
v -0.224039 0.083486 -0.097276
v -0.486063 0.083486 -0.097276
v -2.262912 0.083486 -0.097276
v -0.835445 0.083486 -0.097276
v -0.924912 0.083486 -0.097276
v -1.210963 0.083486 -0.097276
v -1.005115 0.083486 -0.097276
v -1.496643 0.083486 -0.097276
v -1.794415 0.083486 -0.097276
v -1.581374 0.083486 -0.097276
v -1.881218 0.083486 -0.097276
v -1.302633 0.083486 -0.097276
v -0.548848 0.083486 -0.097276
v -0.774886 0.083486 -0.097276
v -0.038966 0.083486 -0.097276
v -0.901932 0.083486 -0.097276
v -0.279269 0.083486 -0.097276
v -1.355603 0.083486 -0.097276
v -1.956966 0.083486 -0.097276
v -1.210963 0.083486 -0.111592
v -1.496643 0.083486 -0.111592
v -1.581374 0.083486 -0.111592
v -1.302633 0.083486 -0.111592
v -0.924912 0.083486 -0.111592
v -1.005115 0.083486 -0.111592
v -1.794415 0.083486 -0.111592
v -1.881218 0.083486 -0.111592
v -1.687895 0.083486 -0.097276
v -1.108039 0.083486 -0.072765
v -1.108039 0.083486 -0.097276
v -0.661867 0.083486 -0.072765
v -0.661867 0.083486 -0.097276
v -2.262912 -0.524123 -0.072765
v -0.628099 -0.524123 -0.072765
v -2.262912 -0.231168 -0.072765
v -0.224039 -0.231168 -0.072765
v -0.486063 -0.231168 -0.072765
v -0.835445 -0.191228 -0.072765
v -1.205383 -0.524123 -0.072765
v -1.063347 -0.231168 -0.072765
v -1.355086 -0.231168 -0.072765
v -1.126833 -0.191228 -0.072765
v -1.782801 -0.524123 -0.072765
v -1.640765 -0.231168 -0.072765
v -1.929619 -0.231168 -0.072765
v -1.705110 -0.191228 -0.072765
v -1.997055 -0.191228 -0.072765
v -1.415410 -0.191228 -0.072765
v -0.548848 -0.191228 -0.072765
v -0.774886 -0.231168 -0.072765
v -0.299160 -0.386109 -0.072765
v -0.568815 -0.401846 -0.072765
v -2.262912 -0.401846 -0.072765
v -0.923249 -0.386109 -0.072765
v -1.146098 -0.401846 -0.072765
v -1.401139 -0.326154 -0.072765
v -1.166308 -0.286429 -0.072765
v -1.723517 -0.401846 -0.072765
v -1.975672 -0.326154 -0.072765
v -1.744586 -0.286429 -0.072765
v -2.084859 -0.386109 -0.072765
v -1.503214 -0.386109 -0.072765
v -0.588323 -0.286429 -0.072765
v -0.820939 -0.326154 -0.072765
v -1.028798 -0.492833 -0.072765
v -0.901932 -0.231168 -0.072765
v -0.984683 -0.401846 -0.072765
v -0.405341 -0.491197 -0.072765
v -0.279269 -0.231168 -0.072765
v -0.362021 -0.401846 -0.072765
v -1.606022 -0.492456 -0.072765
v -1.479339 -0.231168 -0.072765
v -1.562091 -0.401846 -0.072765
v -2.194577 -0.502421 -0.072765
v -2.080703 -0.231168 -0.072765
v -2.140259 -0.401846 -0.072765
v -2.262912 -0.524123 -0.097276
v -0.628099 -0.524123 -0.097276
v -2.262912 -0.231168 -0.097276
v -0.224039 -0.231168 -0.097276
v -0.486063 -0.231168 -0.097276
v -0.835445 -0.191228 -0.097276
v -1.205383 -0.524123 -0.097276
v -1.063347 -0.231168 -0.097276
v -1.355086 -0.231168 -0.097276
v -1.126833 -0.191228 -0.097276
v -1.782801 -0.524123 -0.097276
v -1.640765 -0.231168 -0.097276
v -1.929619 -0.231168 -0.097276
v -1.705110 -0.191228 -0.097276
v -1.997055 -0.191228 -0.097276
v -1.415410 -0.191228 -0.097276
v -0.548848 -0.191228 -0.097276
v -0.774886 -0.231168 -0.097276
v -0.299160 -0.386109 -0.097276
v -0.568815 -0.401846 -0.097276
v -2.262912 -0.401846 -0.097276
v -0.923249 -0.386109 -0.097276
v -1.146098 -0.401846 -0.097276
v -1.401139 -0.326154 -0.097276
v -1.166308 -0.286429 -0.097276
v -1.723517 -0.401846 -0.097276
v -1.975672 -0.326154 -0.097276
v -1.744586 -0.286429 -0.097276
v -2.084859 -0.386109 -0.097276
v -1.503214 -0.386109 -0.097276
v -0.588323 -0.286429 -0.097276
v -0.820939 -0.326154 -0.097276
v -1.028798 -0.492833 -0.097276
v -0.901932 -0.231168 -0.097276
v -0.984683 -0.401846 -0.097276
v -0.405341 -0.491197 -0.097276
v -0.279269 -0.231168 -0.097276
v -0.362021 -0.401846 -0.097276
v -1.606022 -0.492456 -0.097276
v -1.479339 -0.231168 -0.097276
v -1.562091 -0.401846 -0.097276
v -2.194577 -0.502421 -0.097276
v -2.080703 -0.231168 -0.097276
v -2.140259 -0.401846 -0.097276
v -1.355086 -0.231168 -0.111592
v -1.640765 -0.231168 -0.111592
v -1.705110 -0.191228 -0.111592
v -1.415410 -0.191228 -0.111592
v -1.063347 -0.231168 -0.111592
v -1.126833 -0.191228 -0.111592
v -1.929619 -0.231168 -0.111592
v -1.997055 -0.191228 -0.111592
v -1.817365 -0.211198 -0.072765
v -1.860129 -0.306292 -0.072765
v -1.835270 -0.214383 -0.097276
v -1.878558 -0.309460 -0.097276
v -1.240959 -0.211198 -0.072765
v -1.283723 -0.306292 -0.072765
v -1.259163 -0.214383 -0.097276
v -1.302452 -0.309460 -0.097276
v -0.661867 -0.211198 -0.072765
v -0.704631 -0.306292 -0.072765
v -0.679894 -0.214383 -0.097276
v -0.723183 -0.309460 -0.097276
v -1.946062 -0.265083 -0.072765
v -1.719205 -0.225220 -0.072765
v -1.946062 -0.265083 -0.097276
v -1.719205 -0.225220 -0.097276
v -1.850726 -0.248331 -0.097276
v -1.832634 -0.245152 -0.072765
v -1.371529 -0.265083 -0.072765
v -1.140927 -0.225220 -0.072765
v -1.371529 -0.265083 -0.097276
v -1.140927 -0.225220 -0.097276
v -1.274619 -0.248331 -0.097276
v -1.256228 -0.245152 -0.072765
v -0.562943 -0.225220 -0.072765
v -0.791329 -0.265083 -0.072765
v -0.562943 -0.225220 -0.097276
v -0.791329 -0.265083 -0.097276
v -0.695350 -0.248331 -0.097276
v -0.677136 -0.245152 -0.072765
v -1.140927 -0.225220 -0.111592
v -1.166308 -0.286429 -0.111592
v -1.719205 -0.225220 -0.111592
v -1.744586 -0.286429 -0.111592
v -0.562943 -0.225220 -0.111592
v -0.588323 -0.286429 -0.111592
v -1.878558 -0.309460 -0.111592
v -1.850726 -0.248331 -0.111592
v -1.302452 -0.309460 -0.111592
v -1.274619 -0.248331 -0.111592
v -0.723183 -0.309460 -0.111592
v -0.695350 -0.248331 -0.111592
v -0.005481 -0.256528 -0.072765
v -0.005481 -0.256528 -0.097276
v -0.055029 -0.231168 -0.072765
v -0.026162 -0.240866 -0.072765
v -0.038966 -0.215106 -0.072765
v -0.039920 -0.234008 -0.072765
v -0.026162 -0.240866 -0.097276
v -0.055029 -0.231168 -0.097276
v -0.038966 -0.215106 -0.097276
v -0.039920 -0.234008 -0.097276
v -1.787856 0.083486 -0.072765
v -2.262912 0.691096 -0.072765
v -0.628099 0.691096 -0.072765
v -2.262912 0.398140 -0.072765
v -0.224039 0.398140 -0.072765
v -0.486063 0.398140 -0.072765
v -0.835445 0.358201 -0.072765
v -1.205383 0.691096 -0.072765
v -1.063347 0.398140 -0.072765
v -1.355086 0.398140 -0.072765
v -1.126833 0.358201 -0.072765
v -1.782801 0.691096 -0.072765
v -1.640765 0.398140 -0.072765
v -1.929619 0.398140 -0.072765
v -1.705110 0.358201 -0.072765
v -1.997055 0.358201 -0.072765
v -1.415410 0.358201 -0.072765
v -0.548848 0.358201 -0.072765
v -0.774886 0.398140 -0.072765
v -0.299160 0.553081 -0.072765
v -0.568815 0.568819 -0.072765
v -2.262912 0.568819 -0.072765
v -0.923249 0.553081 -0.072765
v -1.146098 0.568819 -0.072765
v -1.401139 0.493127 -0.072765
v -1.166308 0.453402 -0.072765
v -1.723517 0.568819 -0.072765
v -1.975672 0.493127 -0.072765
v -1.744586 0.453402 -0.072765
v -2.084859 0.553081 -0.072765
v -1.503214 0.553081 -0.072765
v -0.588323 0.453402 -0.072765
v -0.820939 0.493127 -0.072765
v -1.028798 0.659806 -0.072765
v -0.901932 0.398140 -0.072765
v -0.984683 0.568819 -0.072765
v -0.405341 0.658170 -0.072765
v -0.279269 0.398140 -0.072765
v -0.362021 0.568819 -0.072765
v -1.606022 0.659429 -0.072765
v -1.479339 0.398140 -0.072765
v -1.562091 0.568819 -0.072765
v -2.194577 0.669393 -0.072765
v -2.080703 0.398140 -0.072765
v -2.140259 0.568819 -0.072765
v -2.262912 0.691096 -0.097276
v -0.628099 0.691096 -0.097276
v -2.262912 0.398140 -0.097276
v -0.224039 0.398140 -0.097276
v -0.486063 0.398140 -0.097276
v -0.835445 0.358201 -0.097276
v -1.205383 0.691096 -0.097276
v -1.063347 0.398140 -0.097276
v -1.355086 0.398140 -0.097276
v -1.126833 0.358201 -0.097276
v -1.782801 0.691096 -0.097276
v -1.640765 0.398140 -0.097276
v -1.929619 0.398140 -0.097276
v -1.705110 0.358201 -0.097276
v -1.997055 0.358201 -0.097276
v -1.415410 0.358201 -0.097276
v -0.548848 0.358201 -0.097276
v -0.774886 0.398140 -0.097276
v -0.299160 0.553081 -0.097276
v -0.568815 0.568819 -0.097276
v -2.262912 0.568819 -0.097276
v -0.923249 0.553081 -0.097276
v -1.146098 0.568819 -0.097276
v -1.401139 0.493127 -0.097276
v -1.166308 0.453402 -0.097276
v -1.723517 0.568819 -0.097276
v -1.975672 0.493127 -0.097276
v -1.744586 0.453402 -0.097276
v -2.084859 0.553081 -0.097276
v -1.503214 0.553081 -0.097276
v -0.588323 0.453402 -0.097276
v -0.820939 0.493127 -0.097276
v -1.028798 0.659806 -0.097276
v -0.901932 0.398140 -0.097276
v -0.984683 0.568819 -0.097276
v -0.405341 0.658170 -0.097276
v -0.279269 0.398140 -0.097276
v -0.362021 0.568819 -0.097276
v -1.606022 0.659429 -0.097276
v -1.479339 0.398140 -0.097276
v -1.562091 0.568819 -0.097276
v -2.194577 0.669393 -0.097276
v -2.080703 0.398140 -0.097276
v -2.140259 0.568819 -0.097276
v -1.355086 0.398140 -0.111592
v -1.640765 0.398140 -0.111592
v -1.705110 0.358201 -0.111592
v -1.415410 0.358201 -0.111592
v -1.063347 0.398140 -0.111592
v -1.126833 0.358201 -0.111592
v -1.929619 0.398140 -0.111592
v -1.997055 0.358201 -0.111592
v -1.817365 0.378171 -0.072765
v -1.860129 0.473264 -0.072765
v -1.835270 0.381356 -0.097276
v -1.878558 0.476432 -0.097276
v -1.240959 0.378171 -0.072765
v -1.283723 0.473264 -0.072765
v -1.259163 0.381356 -0.097276
v -1.302452 0.476432 -0.097276
v -0.661867 0.378171 -0.072765
v -0.704631 0.473264 -0.072765
v -0.679894 0.381356 -0.097276
v -0.723183 0.476432 -0.097276
v -1.946062 0.432056 -0.072765
v -1.719205 0.392193 -0.072765
v -1.946062 0.432056 -0.097276
v -1.719205 0.392193 -0.097276
v -1.850726 0.415303 -0.097276
v -1.832634 0.412124 -0.072765
v -1.371529 0.432056 -0.072765
v -1.140927 0.392193 -0.072765
v -1.371529 0.432056 -0.097276
v -1.140927 0.392193 -0.097276
v -1.274619 0.415303 -0.097276
v -1.256228 0.412124 -0.072765
v -0.562943 0.392193 -0.072765
v -0.791329 0.432056 -0.072765
v -0.562943 0.392193 -0.097276
v -0.791329 0.432056 -0.097276
v -0.695350 0.415303 -0.097276
v -0.677136 0.412124 -0.072765
v -1.140927 0.392193 -0.111592
v -1.166308 0.453402 -0.111592
v -1.719205 0.392193 -0.111592
v -1.744586 0.453402 -0.111592
v -0.562943 0.392193 -0.111592
v -0.588323 0.453402 -0.111592
v -1.878558 0.476432 -0.111592
v -1.850726 0.415303 -0.111592
v -1.302452 0.476432 -0.111592
v -1.274619 0.415303 -0.111592
v -0.723183 0.476432 -0.111592
v -0.695350 0.415303 -0.111592
v 0.003469 0.365529 -0.072765
v 0.011177 0.365529 -0.072765
v 0.007323 0.354292 -0.072765
v 0.005913 0.363714 -0.072765
v 0.008734 0.363714 -0.072765
v 0.011177 0.365529 -0.097276
v 0.003469 0.365529 -0.097276
v 0.007323 0.354292 -0.097276
v 0.008734 0.363714 -0.097276
v 0.005913 0.363714 -0.097276
v 0.032674 0.393183 -0.072765
v 0.042808 0.398140 -0.072765
v 0.036869 0.391870 -0.072765
v 0.035443 0.395662 -0.072765
v 0.039152 0.397476 -0.072765
v 0.042808 0.398140 -0.097276
v 0.032674 0.393183 -0.097276
v 0.036869 0.391870 -0.097276
v 0.039152 0.397476 -0.097276
v 0.035443 0.395662 -0.097276
v -0.028161 0.398140 -0.072765
v -0.018028 0.393183 -0.072765
v -0.022222 0.391870 -0.072765
v -0.024505 0.397476 -0.072765
v -0.020796 0.395662 -0.072765
v -0.018028 0.393183 -0.097276
v -0.028161 0.398140 -0.097276
v -0.022222 0.391870 -0.097276
v -0.020796 0.395662 -0.097276
v -0.024505 0.397476 -0.097276
v -2.267819 -0.574140 0.000000
v -2.267819 0.747830 0.000000
v 0.000000 0.747830 0.000000
v 0.000000 -0.574140 0.000000
v -2.112296 -0.574140 0.000000
v -2.112296 0.747830 0.000000
v -2.071294 0.747830 0.000000
v -2.071294 -0.574140 0.000000
v -1.893270 0.747830 0.000000
v -1.893270 -0.574140 0.000000
v -1.850883 0.747830 0.000000
v -1.850883 -0.574140 0.000000
v -1.538635 0.747830 0.000000
v -1.538635 -0.574140 0.000000
v -1.491967 0.747830 0.000000
v -1.491967 -0.574140 0.000000
v -1.337966 0.747830 0.000000
v -1.337966 -0.574140 0.000000
v -1.289879 0.747830 0.000000
v -1.289879 -0.574140 0.000000
v -0.964580 0.747830 0.000000
v -0.964580 -0.574140 0.000000
v -0.910836 0.747830 0.000000
v -0.910836 -0.574140 0.000000
v -0.910836 0.579616 0.000000
v -0.769401 0.747830 0.000000
v -0.769401 -0.574140 0.000000
v -0.964580 0.579616 0.000000
v -0.712828 0.747830 0.000000
v -0.712828 -0.574140 0.000000
v -2.267819 0.492821 0.000000
v -0.712828 0.492821 0.000000
v -0.769401 0.492821 0.000000
v -1.289879 0.492821 0.000000
v -1.337966 0.492821 0.000000
v -1.538635 0.579616 0.000000
v -1.491967 0.579616 0.000000
v -1.850883 0.492821 0.000000
v -1.893270 0.492821 0.000000
v -2.112296 0.579616 0.000000
v -2.071294 0.579616 0.000000
v 2.267819 -0.574140 0.000000
v 2.267819 0.747830 0.000000
v 2.112296 -0.574140 0.000000
v 2.112296 0.747830 0.000000
v 2.071294 0.747830 0.000000
v 2.071294 -0.574140 0.000000
v 1.893270 0.747830 0.000000
v 1.893270 -0.574140 0.000000
v 1.850883 0.747830 0.000000
v 1.850883 -0.574140 0.000000
v 1.538635 0.747830 0.000000
v 1.538635 -0.574140 0.000000
v 1.491967 0.747830 0.000000
v 1.491967 -0.574140 0.000000
v 1.337966 0.747830 0.000000
v 1.337966 -0.574140 0.000000
v 1.289879 0.747830 0.000000
v 1.289879 -0.574140 0.000000
v 0.964580 0.747830 0.000000
v 0.964580 -0.574140 0.000000
v 0.910836 0.747830 0.000000
v 0.910836 -0.574140 0.000000
v 0.910836 0.579616 0.000000
v 0.769401 0.747830 0.000000
v 0.769401 -0.574140 0.000000
v 0.964580 0.579616 0.000000
v 0.712828 0.747830 0.000000
v 0.712828 -0.574140 0.000000
v 2.267819 0.492821 0.000000
v 0.712828 0.492821 0.000000
v 0.769401 0.492821 0.000000
v 1.289879 0.492821 0.000000
v 1.337966 0.492821 0.000000
v 1.538635 0.579616 0.000000
v 1.491967 0.579616 0.000000
v 1.850883 0.492821 0.000000
v 1.893270 0.492821 0.000000
v 2.112296 0.579616 0.000000
v 2.071294 0.579616 0.000000
v -2.267819 -0.574140 -0.075353
v -2.267819 0.747830 -0.075353
v 0.000000 -0.574140 -0.075353
v 0.000000 0.747830 -0.075353
v -2.112296 0.747830 -0.075353
v -2.112296 -0.574140 -0.075353
v -2.071294 -0.574140 -0.075353
v -2.071294 0.747830 -0.075353
v -1.893270 -0.574140 -0.075353
v -1.893270 0.747830 -0.075353
v -1.850883 -0.574140 -0.075353
v -1.850883 0.747830 -0.075353
v -1.538635 -0.574140 -0.075353
v -1.538635 0.747830 -0.075353
v -1.491967 -0.574140 -0.075353
v -1.491967 0.747830 -0.075353
v -1.337966 -0.574140 -0.075353
v -1.337966 0.747830 -0.075353
v -1.289879 -0.574140 -0.075353
v -1.289879 0.747830 -0.075353
v -0.964580 -0.574140 -0.075353
v -0.964580 0.747830 -0.075353
v -0.910836 -0.574140 -0.075353
v -0.910836 0.747830 -0.075353
v -0.769401 -0.574140 -0.075353
v -0.769401 0.747830 -0.075353
v -0.712828 -0.574140 -0.075353
v -0.712828 0.747830 -0.075353
v -2.267819 0.492821 -0.075353
v 0.000000 0.492821 -0.075353
v -2.112296 0.579616 -0.075353
v -2.071294 0.579616 -0.075353
v -1.893270 0.492821 -0.075353
v -1.850883 0.492821 -0.075353
v -1.538635 0.579616 -0.075353
v -1.491967 0.579616 -0.075353
v -1.337966 0.492821 -0.075353
v -1.289879 0.492821 -0.075353
v -0.964580 0.579616 -0.075353
v -0.910836 0.579616 -0.075353
v -0.769401 0.492821 -0.075353
v -0.712828 0.492821 -0.075353
v 2.267819 -0.574140 -0.075353
v 2.267819 0.747830 -0.075353
v 2.112296 0.747830 -0.075353
v 2.112296 -0.574140 -0.075353
v 2.071294 -0.574140 -0.075353
v 2.071294 0.747830 -0.075353
v 1.893270 -0.574140 -0.075353
v 1.893270 0.747830 -0.075353
v 1.850883 -0.574140 -0.075353
v 1.850883 0.747830 -0.075353
v 1.538635 -0.574140 -0.075353
v 1.538635 0.747830 -0.075353
v 1.491967 -0.574140 -0.075353
v 1.491967 0.747830 -0.075353
v 1.337966 -0.574140 -0.075353
v 1.337966 0.747830 -0.075353
v 1.289879 -0.574140 -0.075353
v 1.289879 0.747830 -0.075353
v 0.964580 -0.574140 -0.075353
v 0.964580 0.747830 -0.075353
v 0.910836 -0.574140 -0.075353
v 0.910836 0.747830 -0.075353
v 0.769401 -0.574140 -0.075353
v 0.769401 0.747830 -0.075353
v 0.712828 -0.574140 -0.075353
v 0.712828 0.747830 -0.075353
v 2.267819 0.492821 -0.075353
v 2.112296 0.579616 -0.075353
v 2.071294 0.579616 -0.075353
v 1.893270 0.492821 -0.075353
v 1.850883 0.492821 -0.075353
v 1.538635 0.579616 -0.075353
v 1.491967 0.579616 -0.075353
v 1.337966 0.492821 -0.075353
v 1.289879 0.492821 -0.075353
v 0.964580 0.579616 -0.075353
v 0.910836 0.579616 -0.075353
v 0.769401 0.492821 -0.075353
v 0.712828 0.492821 -0.075353
v -2.112296 0.623590 -0.075353
v -2.112296 0.638668 -0.075353
v -2.112296 0.712236 -0.075353
v -2.112296 0.727314 -0.075353
v -2.267819 0.623590 -0.075353
v -2.267819 0.638668 -0.075353
v -2.267819 0.712236 -0.075353
v -2.267819 0.727314 -0.075353
v -1.893270 0.623590 -0.075353
v -1.893270 0.638668 -0.075353
v -1.893270 0.712236 -0.075353
v -1.893270 0.727314 -0.075353
v -2.071294 0.623590 -0.075353
v -2.071294 0.638668 -0.075353
v -2.071294 0.712236 -0.075353
v -2.071294 0.727314 -0.075353
v -1.538635 0.623590 -0.075353
v -1.538635 0.638668 -0.075353
v -1.538635 0.712236 -0.075353
v -1.538635 0.727314 -0.075353
v -1.850883 0.623590 -0.075353
v -1.850883 0.638668 -0.075353
v -1.850883 0.712236 -0.075353
v -1.850883 0.727314 -0.075353
v -1.337966 0.623590 -0.075353
v -1.337966 0.638668 -0.075353
v -1.337966 0.712236 -0.075353
v -1.337966 0.727314 -0.075353
v -1.491967 0.623590 -0.075353
v -1.491967 0.638668 -0.075353
v -1.491967 0.712236 -0.075353
v -1.491967 0.727314 -0.075353
v -0.964580 0.623590 -0.075353
v -0.964580 0.638668 -0.075353
v -0.964580 0.712236 -0.075353
v -0.964580 0.727314 -0.075353
v -1.289879 0.623590 -0.075353
v -1.289879 0.638668 -0.075353
v -1.289879 0.712236 -0.075353
v -1.289879 0.727314 -0.075353
v -0.769401 0.623590 -0.075353
v -0.769401 0.638668 -0.075353
v -0.769401 0.712236 -0.075353
v -0.769401 0.727314 -0.075353
v -0.910836 0.623590 -0.075353
v -0.910836 0.638668 -0.075353
v -0.910836 0.712236 -0.075353
v -0.910836 0.727314 -0.075353
v 0.000000 0.623590 -0.075353
v 0.000000 0.638668 -0.075353
v 0.000000 0.712236 -0.075353
v 0.000000 0.727314 -0.075353
v -0.712828 0.623590 -0.075353
v -0.712828 0.638668 -0.075353
v -0.712828 0.712236 -0.075353
v -0.712828 0.727314 -0.075353
v -0.964580 0.719775 -0.069272
v -0.964580 0.631129 -0.069272
v 0.000000 -0.454548 -0.075353
v 0.000000 -0.439470 -0.075353
v -0.712828 -0.454548 -0.075353
v -0.712828 -0.439470 -0.075353
v -0.769401 -0.454548 -0.075353
v -0.769401 -0.439470 -0.075353
v -0.910836 -0.454548 -0.075353
v -0.910836 -0.439470 -0.075353
v -0.964580 -0.454548 -0.075353
v -0.964580 -0.439470 -0.075353
v -1.289879 -0.454548 -0.075353
v -1.289879 -0.439470 -0.075353
v -1.337966 -0.454548 -0.075353
v -1.337966 -0.439470 -0.075353
v -1.491967 -0.454548 -0.075353
v -1.491967 -0.439470 -0.075353
v -1.538635 -0.454548 -0.075353
v -1.538635 -0.439470 -0.075353
v -1.850883 -0.454548 -0.075353
v -1.850883 -0.439470 -0.075353
v -1.893270 -0.454548 -0.075353
v -1.893270 -0.439470 -0.075353
v -2.071294 -0.454548 -0.075353
v -2.071294 -0.439470 -0.075353
v -2.112296 -0.454548 -0.075353
v -2.112296 -0.439470 -0.075353
v -2.267819 -0.454548 -0.075353
v -2.267819 -0.439470 -0.075353
v -0.712828 0.719775 -0.069272
v -0.712828 0.631129 -0.069272
v -1.289879 0.719775 -0.069272
v -1.289879 0.631129 -0.069272
v -1.538635 0.719775 -0.069272
v -1.538635 0.631129 -0.069272
v -1.850883 0.719775 -0.069272
v -1.850883 0.631129 -0.069272
v -1.893270 0.719775 -0.069272
v -1.893270 0.631129 -0.069272
v -2.071294 0.719775 -0.069272
v -2.071294 0.631129 -0.069272
v -2.112296 0.719775 -0.069272
v -2.112296 0.631129 -0.069272
v -1.491967 0.719775 -0.069272
v -1.491967 0.631129 -0.069272
v -1.337966 0.719775 -0.069272
v -1.337966 0.631129 -0.069272
v -0.769401 0.719775 -0.069272
v -0.769401 0.631129 -0.069272
v -2.267819 -0.447009 -0.069272
v -0.910836 0.719775 -0.069272
v -0.910836 0.631129 -0.069272
v -2.267819 0.719775 -0.069272
v -2.267819 0.631129 -0.069272
v 2.267819 0.623590 -0.075353
v 2.267819 0.638668 -0.075353
v 2.267819 0.712236 -0.075353
v 2.267819 0.727314 -0.075353
v 2.112296 0.623590 -0.075353
v 2.112296 0.638668 -0.075353
v 2.112296 0.712236 -0.075353
v 2.112296 0.727314 -0.075353
v 2.071294 0.623590 -0.075353
v 2.071294 0.638668 -0.075353
v 2.071294 0.712236 -0.075353
v 2.071294 0.727314 -0.075353
v 1.893270 0.623590 -0.075353
v 1.893270 0.638668 -0.075353
v 1.893270 0.712236 -0.075353
v 1.893270 0.727314 -0.075353
v 1.850883 0.623590 -0.075353
v 1.850883 0.638668 -0.075353
v 1.850883 0.712236 -0.075353
v 1.850883 0.727314 -0.075353
v 1.538635 0.727314 -0.075353
v 1.538635 0.623590 -0.075353
v 1.538635 0.638668 -0.075353
v 1.538635 0.712236 -0.075353
v 1.491967 0.623590 -0.075353
v 1.491967 0.638668 -0.075353
v 1.491967 0.712236 -0.075353
v 1.491967 0.727314 -0.075353
v 1.337966 0.623590 -0.075353
v 1.337966 0.638668 -0.075353
v 1.337966 0.712236 -0.075353
v 1.337966 0.727314 -0.075353
v 1.289879 0.623590 -0.075353
v 1.289879 0.638668 -0.075353
v 1.289879 0.712236 -0.075353
v 1.289879 0.727314 -0.075353
v 0.964580 0.727314 -0.075353
v 0.964580 0.623590 -0.075353
v 0.964580 0.638668 -0.075353
v 0.964580 0.712236 -0.075353
v 0.910836 0.623590 -0.075353
v 0.910836 0.638668 -0.075353
v 0.910836 0.712236 -0.075353
v 0.910836 0.727314 -0.075353
v 0.769401 0.623590 -0.075353
v 0.769401 0.638668 -0.075353
v 0.769401 0.712236 -0.075353
v 0.769401 0.727314 -0.075353
v 0.712828 0.623590 -0.075353
v 0.712828 0.638668 -0.075353
v 0.712828 0.712236 -0.075353
v 0.712828 0.727314 -0.075353
v 0.964580 0.719775 -0.069272
v 0.964580 0.631129 -0.069272
v 0.712828 -0.454548 -0.075353
v 0.712828 -0.439470 -0.075353
v 0.769401 -0.454548 -0.075353
v 0.769401 -0.439470 -0.075353
v 0.910836 -0.454548 -0.075353
v 0.910836 -0.439470 -0.075353
v 0.964580 -0.454548 -0.075353
v 0.964580 -0.439470 -0.075353
v 1.289879 -0.454548 -0.075353
v 1.289879 -0.439470 -0.075353
v 1.337966 -0.454548 -0.075353
v 1.337966 -0.439470 -0.075353
v 1.491967 -0.454548 -0.075353
v 1.491967 -0.439470 -0.075353
v 1.538635 -0.454548 -0.075353
v 1.538635 -0.439470 -0.075353
v 1.850883 -0.454548 -0.075353
v 1.850883 -0.439470 -0.075353
v 1.893270 -0.454548 -0.075353
v 1.893270 -0.439470 -0.075353
v 2.071294 -0.454548 -0.075353
v 2.071294 -0.439470 -0.075353
v 2.112296 -0.454548 -0.075353
v 2.112296 -0.439470 -0.075353
v 2.267819 -0.454548 -0.075353
v 2.267819 -0.439470 -0.075353
v 0.712828 0.719775 -0.069272
v 0.712828 0.631129 -0.069272
v 1.289879 0.719775 -0.069272
v 1.289879 0.631129 -0.069272
v 1.538635 0.719775 -0.069272
v 1.538635 0.631129 -0.069272
v 1.850883 0.719775 -0.069272
v 1.850883 0.631129 -0.069272
v 1.893270 0.719775 -0.069272
v 1.893270 0.631129 -0.069272
v 2.071294 0.719775 -0.069272
v 2.071294 0.631129 -0.069272
v 2.112296 0.719775 -0.069272
v 2.112296 0.631129 -0.069272
v 1.491967 0.719775 -0.069272
v 1.491967 0.631129 -0.069272
v 1.337966 0.719775 -0.069272
v 1.337966 0.631129 -0.069272
v 0.769401 0.719775 -0.069272
v 0.769401 0.631129 -0.069272
v 2.267819 -0.447009 -0.069272
v 0.910836 0.719775 -0.069272
v 0.910836 0.631129 -0.069272
v 2.267819 0.719775 -0.069272
v 2.267819 0.631129 -0.069272
v -1.337966 0.747830 -0.075353
v -0.769401 0.747830 -0.075353
v 2.071294 0.747830 -0.075353
v 1.893270 0.747830 -0.075353
v 1.491967 0.747830 -0.075353
v 1.337966 0.747830 -0.075353
v 0.910836 0.747830 -0.075353
v 0.769401 0.747830 -0.075353
v -2.267819 0.747830 -0.075353
v -2.112296 0.747830 -0.075353
v -1.893270 0.747830 -0.075353
v -1.850883 0.747830 -0.075353
v -1.289879 0.747830 -0.075353
v -0.712828 0.747830 -0.075353
v -1.538635 0.747830 -0.075353
v -0.964580 0.747830 -0.075353
v 0.000000 0.747830 -0.075353
v 0.712828 0.747830 -0.075353
v 2.267819 0.747830 -0.075353
v 2.112296 0.747830 -0.075353
v 1.850883 0.747830 -0.075353
v 1.538635 0.747830 -0.075353
v 1.289879 0.747830 -0.075353
v 0.964580 0.747830 -0.075353
v -2.071294 0.747830 -0.075353
v -1.491967 0.747830 -0.075353
v -0.910836 0.747830 -0.075353
v -2.267819 -0.574140 0.075353
v -2.267819 0.747830 0.075353
v 0.000000 -0.574140 0.075353
v 0.000000 0.747830 0.075353
v -2.112296 0.747830 0.075353
v -2.112296 -0.574140 0.075353
v -2.071294 -0.574140 0.075353
v -2.071294 0.747830 0.075353
v -1.893270 -0.574140 0.075353
v -1.893270 0.747830 0.075353
v -1.850883 -0.574140 0.075353
v -1.850883 0.747830 0.075353
v -1.538635 -0.574140 0.075353
v -1.538635 0.747830 0.075353
v -1.491967 -0.574140 0.075353
v -1.491967 0.747830 0.075353
v -1.337966 -0.574140 0.075353
v -1.337966 0.747830 0.075353
v -1.289879 -0.574140 0.075353
v -1.289879 0.747830 0.075353
v -0.964580 -0.574140 0.075353
v -0.964580 0.747830 0.075353
v -0.910836 -0.574140 0.075353
v -0.910836 0.747830 0.075353
v -0.769401 -0.574140 0.075353
v -0.769401 0.747830 0.075353
v -0.712828 -0.574140 0.075353
v -0.712828 0.747830 0.075353
v -2.267819 0.492821 0.075353
v 0.000000 0.492821 0.075353
v -2.112296 0.579616 0.075353
v -2.071294 0.579616 0.075353
v -1.893270 0.492821 0.075353
v -1.850883 0.492821 0.075353
v -1.538635 0.579616 0.075353
v -1.491967 0.579616 0.075353
v -1.337966 0.492821 0.075353
v -1.289879 0.492821 0.075353
v -0.964580 0.579616 0.075353
v -0.910836 0.579616 0.075353
v -0.769401 0.492821 0.075353
v -0.712828 0.492821 0.075353
v 2.267819 -0.574140 0.075353
v 2.267819 0.747830 0.075353
v 2.112296 0.747830 0.075353
v 2.112296 -0.574140 0.075353
v 2.071294 -0.574140 0.075353
v 2.071294 0.747830 0.075353
v 1.893270 -0.574140 0.075353
v 1.893270 0.747830 0.075353
v 1.850883 -0.574140 0.075353
v 1.850883 0.747830 0.075353
v 1.538635 -0.574140 0.075353
v 1.538635 0.747830 0.075353
v 1.491967 -0.574140 0.075353
v 1.491967 0.747830 0.075353
v 1.337966 -0.574140 0.075353
v 1.337966 0.747830 0.075353
v 1.289879 -0.574140 0.075353
v 1.289879 0.747830 0.075353
v 0.964580 -0.574140 0.075353
v 0.964580 0.747830 0.075353
v 0.910836 -0.574140 0.075353
v 0.910836 0.747830 0.075353
v 0.769401 -0.574140 0.075353
v 0.769401 0.747830 0.075353
v 0.712828 -0.574140 0.075353
v 0.712828 0.747830 0.075353
v 2.267819 0.492821 0.075353
v 2.112296 0.579616 0.075353
v 2.071294 0.579616 0.075353
v 1.893270 0.492821 0.075353
v 1.850883 0.492821 0.075353
v 1.538635 0.579616 0.075353
v 1.491967 0.579616 0.075353
v 1.337966 0.492821 0.075353
v 1.289879 0.492821 0.075353
v 0.964580 0.579616 0.075353
v 0.910836 0.579616 0.075353
v 0.769401 0.492821 0.075353
v 0.712828 0.492821 0.075353
v -2.112296 0.623590 0.075353
v -2.112296 0.638668 0.075353
v -2.112296 0.712236 0.075353
v -2.112296 0.727314 0.075353
v -2.267819 0.623590 0.075353
v -2.267819 0.638668 0.075353
v -2.267819 0.712236 0.075353
v -2.267819 0.727314 0.075353
v -1.893270 0.623590 0.075353
v -1.893270 0.638668 0.075353
v -1.893270 0.712236 0.075353
v -1.893270 0.727314 0.075353
v -2.071294 0.623590 0.075353
v -2.071294 0.638668 0.075353
v -2.071294 0.712236 0.075353
v -2.071294 0.727314 0.075353
v -1.538635 0.623590 0.075353
v -1.538635 0.638668 0.075353
v -1.538635 0.712236 0.075353
v -1.538635 0.727314 0.075353
v -1.850883 0.623590 0.075353
v -1.850883 0.638668 0.075353
v -1.850883 0.712236 0.075353
v -1.850883 0.727314 0.075353
v -1.337966 0.623590 0.075353
v -1.337966 0.638668 0.075353
v -1.337966 0.712236 0.075353
v -1.337966 0.727314 0.075353
v -1.491967 0.623590 0.075353
v -1.491967 0.638668 0.075353
v -1.491967 0.712236 0.075353
v -1.491967 0.727314 0.075353
v -0.964580 0.623590 0.075353
v -0.964580 0.638668 0.075353
v -0.964580 0.712236 0.075353
v -0.964580 0.727314 0.075353
v -1.289879 0.623590 0.075353
v -1.289879 0.638668 0.075353
v -1.289879 0.712236 0.075353
v -1.289879 0.727314 0.075353
v -0.769401 0.623590 0.075353
v -0.769401 0.638668 0.075353
v -0.769401 0.712236 0.075353
v -0.769401 0.727314 0.075353
v -0.910836 0.623590 0.075353
v -0.910836 0.638668 0.075353
v -0.910836 0.712236 0.075353
v -0.910836 0.727314 0.075353
v 0.000000 0.623590 0.075353
v 0.000000 0.638668 0.075353
v 0.000000 0.712236 0.075353
v 0.000000 0.727314 0.075353
v -0.712828 0.623590 0.075353
v -0.712828 0.638668 0.075353
v -0.712828 0.712236 0.075353
v -0.712828 0.727314 0.075353
v -0.964580 0.719775 0.069272
v -0.964580 0.631129 0.069272
v 0.000000 -0.454548 0.075353
v 0.000000 -0.439470 0.075353
v -0.712828 -0.454548 0.075353
v -0.712828 -0.439470 0.075353
v -0.769401 -0.454548 0.075353
v -0.769401 -0.439470 0.075353
v -0.910836 -0.454548 0.075353
v -0.910836 -0.439470 0.075353
v -0.964580 -0.454548 0.075353
v -0.964580 -0.439470 0.075353
v -1.289879 -0.454548 0.075353
v -1.289879 -0.439470 0.075353
v -1.337966 -0.454548 0.075353
v -1.337966 -0.439470 0.075353
v -1.491967 -0.454548 0.075353
v -1.491967 -0.439470 0.075353
v -1.538635 -0.454548 0.075353
v -1.538635 -0.439470 0.075353
v -1.850883 -0.454548 0.075353
v -1.850883 -0.439470 0.075353
v -1.893270 -0.454548 0.075353
v -1.893270 -0.439470 0.075353
v -2.071294 -0.454548 0.075353
v -2.071294 -0.439470 0.075353
v -2.112296 -0.454548 0.075353
v -2.112296 -0.439470 0.075353
v -2.267819 -0.454548 0.075353
v -2.267819 -0.439470 0.075353
v -0.712828 0.719775 0.069272
v -0.712828 0.631129 0.069272
v -1.289879 0.719775 0.069272
v -1.289879 0.631129 0.069272
v -1.538635 0.719775 0.069272
v -1.538635 0.631129 0.069272
v -1.850883 0.719775 0.069272
v -1.850883 0.631129 0.069272
v -1.893270 0.719775 0.069272
v -1.893270 0.631129 0.069272
v -2.071294 0.719775 0.069272
v -2.071294 0.631129 0.069272
v -2.112296 0.719775 0.069272
v -2.112296 0.631129 0.069272
v -1.491967 0.719775 0.069272
v -1.491967 0.631129 0.069272
v -1.337966 0.719775 0.069272
v -1.337966 0.631129 0.069272
v -0.769401 0.719775 0.069272
v -0.769401 0.631129 0.069272
v -2.267819 -0.447009 0.069272
v -0.910836 0.719775 0.069272
v -0.910836 0.631129 0.069272
v -2.267819 0.719775 0.069272
v -2.267819 0.631129 0.069272
v 2.267819 0.623590 0.075353
v 2.267819 0.638668 0.075353
v 2.267819 0.712236 0.075353
v 2.267819 0.727314 0.075353
v 2.112296 0.623590 0.075353
v 2.112296 0.638668 0.075353
v 2.112296 0.712236 0.075353
v 2.112296 0.727314 0.075353
v 2.071294 0.623590 0.075353
v 2.071294 0.638668 0.075353
v 2.071294 0.712236 0.075353
v 2.071294 0.727314 0.075353
v 1.893270 0.623590 0.075353
v 1.893270 0.638668 0.075353
v 1.893270 0.712236 0.075353
v 1.893270 0.727314 0.075353
v 1.850883 0.623590 0.075353
v 1.850883 0.638668 0.075353
v 1.850883 0.712236 0.075353
v 1.850883 0.727314 0.075353
v 1.538635 0.727314 0.075353
v 1.538635 0.623590 0.075353
v 1.538635 0.638668 0.075353
v 1.538635 0.712236 0.075353
v 1.491967 0.623590 0.075353
v 1.491967 0.638668 0.075353
v 1.491967 0.712236 0.075353
v 1.491967 0.727314 0.075353
v 1.337966 0.623590 0.075353
v 1.337966 0.638668 0.075353
v 1.337966 0.712236 0.075353
v 1.337966 0.727314 0.075353
v 1.289879 0.623590 0.075353
v 1.289879 0.638668 0.075353
v 1.289879 0.712236 0.075353
v 1.289879 0.727314 0.075353
v 0.964580 0.727314 0.075353
v 0.964580 0.623590 0.075353
v 0.964580 0.638668 0.075353
v 0.964580 0.712236 0.075353
v 0.910836 0.623590 0.075353
v 0.910836 0.638668 0.075353
v 0.910836 0.712236 0.075353
v 0.910836 0.727314 0.075353
v 0.769401 0.623590 0.075353
v 0.769401 0.638668 0.075353
v 0.769401 0.712236 0.075353
v 0.769401 0.727314 0.075353
v 0.712828 0.623590 0.075353
v 0.712828 0.638668 0.075353
v 0.712828 0.712236 0.075353
v 0.712828 0.727314 0.075353
v 0.964580 0.719775 0.069272
v 0.964580 0.631129 0.069272
v 0.712828 -0.454548 0.075353
v 0.712828 -0.439470 0.075353
v 0.769401 -0.454548 0.075353
v 0.769401 -0.439470 0.075353
v 0.910836 -0.454548 0.075353
v 0.910836 -0.439470 0.075353
v 0.964580 -0.454548 0.075353
v 0.964580 -0.439470 0.075353
v 1.289879 -0.454548 0.075353
v 1.289879 -0.439470 0.075353
v 1.337966 -0.454548 0.075353
v 1.337966 -0.439470 0.075353
v 1.491967 -0.454548 0.075353
v 1.491967 -0.439470 0.075353
v 1.538635 -0.454548 0.075353
v 1.538635 -0.439470 0.075353
v 1.850883 -0.454548 0.075353
v 1.850883 -0.439470 0.075353
v 1.893270 -0.454548 0.075353
v 1.893270 -0.439470 0.075353
v 2.071294 -0.454548 0.075353
v 2.071294 -0.439470 0.075353
v 2.112296 -0.454548 0.075353
v 2.112296 -0.439470 0.075353
v 2.267819 -0.454548 0.075353
v 2.267819 -0.439470 0.075353
v 0.712828 0.719775 0.069272
v 0.712828 0.631129 0.069272
v 1.289879 0.719775 0.069272
v 1.289879 0.631129 0.069272
v 1.538635 0.719775 0.069272
v 1.538635 0.631129 0.069272
v 1.850883 0.719775 0.069272
v 1.850883 0.631129 0.069272
v 1.893270 0.719775 0.069272
v 1.893270 0.631129 0.069272
v 2.071294 0.719775 0.069272
v 2.071294 0.631129 0.069272
v 2.112296 0.719775 0.069272
v 2.112296 0.631129 0.069272
v 1.491967 0.719775 0.069272
v 1.491967 0.631129 0.069272
v 1.337966 0.719775 0.069272
v 1.337966 0.631129 0.069272
v 0.769401 0.719775 0.069272
v 0.769401 0.631129 0.069272
v 2.267819 -0.447009 0.069272
v 0.910836 0.719775 0.069272
v 0.910836 0.631129 0.069272
v 2.267819 0.719775 0.069272
v 2.267819 0.631129 0.069272
v -1.337966 0.747830 0.075353
v -0.769401 0.747830 0.075353
v 2.071294 0.747830 0.075353
v 1.893270 0.747830 0.075353
v 1.491967 0.747830 0.075353
v 1.337966 0.747830 0.075353
v 0.910836 0.747830 0.075353
v 0.769401 0.747830 0.075353
v -2.267819 0.747830 0.075353
v -2.112296 0.747830 0.075353
v -1.893270 0.747830 0.075353
v -1.850883 0.747830 0.075353
v -1.289879 0.747830 0.075353
v -0.712828 0.747830 0.075353
v -1.538635 0.747830 0.075353
v -0.964580 0.747830 0.075353
v 0.000000 0.747830 0.075353
v 0.712828 0.747830 0.075353
v 2.267819 0.747830 0.075353
v 2.112296 0.747830 0.075353
v 1.850883 0.747830 0.075353
v 1.538635 0.747830 0.075353
v 1.289879 0.747830 0.075353
v 0.964580 0.747830 0.075353
v -2.071294 0.747830 0.075353
v -1.491967 0.747830 0.075353
v -0.910836 0.747830 0.075353
vt 0.917194 0.747431
vt 0.993466 0.747431
vt 0.993466 0.760625
vt 0.917194 0.760625
vt 0.879981 0.747431
vt 0.899256 0.747431
vt 0.899256 0.760625
vt 0.879981 0.760625
vt 0.841186 0.747431
vt 0.861964 0.747431
vt 0.861964 0.760624
vt 0.841186 0.760624
vt 0.861964 0.410693
vt 0.879981 0.410693
vt 0.879981 0.421191
vt 0.861964 0.421191
vt 0.899256 0.410693
vt 0.899256 0.421191
vt 0.917193 0.410693
vt 0.917193 0.421191
vt 0.836833 0.747431
vt 0.836833 0.760624
vt 0.836832 0.008920
vt 0.841185 0.008920
vt 0.841185 0.021883
vt 0.836832 0.021883
vt 0.917193 0.008920
vt 0.993466 0.008920
vt 0.993466 0.021883
vt 0.917193 0.021883
vt 0.879981 0.008920
vt 0.899256 0.008920
vt 0.899256 0.021883
vt 0.879981 0.021883
vt 0.861963 0.008920
vt 0.861963 0.021883
vt 0.836832 0.604729
vt 0.841185 0.604729
vt 0.861964 0.604729
vt 0.879981 0.604729
vt 0.899256 0.604729
vt 0.917193 0.604729
vt 0.993466 0.604729
vt 0.993466 0.410693
vt 0.993466 0.421191
vt 0.836832 0.582994
vt 0.841185 0.582994
vt 0.841185 0.415053
vt 0.841185 0.410693
vt 0.841185 0.421191
vt 0.841185 0.416830
vt 0.841185 0.196498
vt 0.836832 0.196498
vt 0.993466 0.196498
vt 0.917193 0.196498
vt 0.899256 0.196498
vt 0.879981 0.196498
vt 0.861964 0.196498
vt 0.917193 0.582994
vt 0.993466 0.582994
vt 0.899256 0.582994
vt 0.879981 0.582994
vt 0.861964 0.582994
vt 0.840853 0.413384
vt 0.839908 0.411970
vt 0.838493 0.411025
vt 0.836832 0.410693
vt 0.836832 0.421191
vt 0.838493 0.420859
vt 0.839908 0.419913
vt 0.840853 0.418499
vt 0.917193 0.216404
vt 0.993466 0.216404
vt 0.899256 0.216404
vt 0.879981 0.216404
vt 0.861964 0.216404
vt 0.861964 0.236309
vt 0.841185 0.236309
vt 0.818922 0.236309
vt 0.836832 0.236309
vt 0.818922 0.410693
vt 0.821085 0.021883
vt 0.821085 0.196498
vt 0.821085 0.008920
vt 0.821182 0.604729
vt 0.821183 0.747431
vt 0.821183 0.760624
vt 0.836832 0.561260
vt 0.818923 0.561260
vt 0.818922 0.421191
vt 0.836832 0.216404
vt 0.841185 0.216404
vt 0.820525 0.216404
vt 0.879981 0.236309
vt 0.899256 0.236309
vt 0.917193 0.236309
vt 0.993466 0.236309
vt 0.820617 0.582994
vt 0.861964 0.561260
vt 0.841185 0.561260
vt 0.879981 0.561259
vt 0.899256 0.561259
vt 0.917193 0.561259
vt 0.993466 0.561259
vt 0.231357 0.432270
vt 0.234065 0.432270
vt 0.234064 0.434594
vt 0.231357 0.434594
vt 0.234064 0.436919
vt 0.231357 0.436919
vt 0.234064 0.439244
vt 0.231357 0.439244
vt 0.234064 0.441559
vt 0.231357 0.441559
vt 0.245132 0.601850
vt 0.247863 0.601850
vt 0.247868 0.629334
vt 0.245132 0.629338
vt 0.245132 0.417944
vt 0.247858 0.417947
vt 0.247863 0.574416
vt 0.245132 0.574412
vt 0.234073 0.186097
vt 0.234073 0.213354
vt 0.231361 0.213354
vt 0.231361 0.186101
vt 0.234058 0.621154
vt 0.234058 0.650917
vt 0.231353 0.650917
vt 0.231353 0.621157
vt 0.247861 0.187329
vt 0.247861 0.217258
vt 0.245132 0.217258
vt 0.245132 0.187331
vt 0.247861 0.247186
vt 0.245132 0.247188
vt 0.234064 0.466031
vt 0.231356 0.466033
vt 0.234073 0.240688
vt 0.231360 0.240692
vt 0.094969 0.450447
vt 0.094969 0.469294
vt 0.092582 0.469294
vt 0.092582 0.450447
vt 0.071201 0.696279
vt 0.071201 0.701521
vt 0.068815 0.701521
vt 0.068815 0.696279
vt 0.234065 0.422867
vt 0.231357 0.422867
vt 0.231357 0.420552
vt 0.234065 0.420552
vt 0.234065 0.425192
vt 0.231357 0.425192
vt 0.234065 0.427516
vt 0.231357 0.427516
vt 0.234065 0.429841
vt 0.231357 0.429841
vt 0.247863 0.030852
vt 0.245132 0.030855
vt 0.234057 0.680598
vt 0.231352 0.680600
vt 0.234080 0.030439
vt 0.231363 0.030443
vt 0.234051 0.835576
vt 0.234051 0.853571
vt 0.231349 0.853571
vt 0.231349 0.835578
vt 0.094969 0.537145
vt 0.094969 0.553033
vt 0.092582 0.553033
vt 0.092582 0.537145
vt 0.071201 0.720485
vt 0.068815 0.720485
vt 0.094969 0.576245
vt 0.094969 0.592133
vt 0.092582 0.592133
vt 0.092582 0.576245
vt 0.094969 0.613734
vt 0.094969 0.629623
vt 0.092582 0.629623
vt 0.092582 0.613734
vt 0.234065 0.396079
vt 0.231358 0.396083
vt 0.247863 0.012667
vt 0.245132 0.012667
vt 0.071201 0.655645
vt 0.071201 0.671256
vt 0.068815 0.671256
vt 0.068815 0.655645
vt 0.247864 0.786103
vt 0.245133 0.786107
vt 0.094969 0.474536
vt 0.094969 0.499558
vt 0.092582 0.499558
vt 0.092582 0.474536
vt 0.247858 0.403504
vt 0.245132 0.403506
vt 0.071201 0.618336
vt 0.071201 0.633947
vt 0.068815 0.633947
vt 0.068815 0.618336
vt 0.071201 0.595124
vt 0.068815 0.595125
vt 0.071201 0.579514
vt 0.068815 0.579514
vt 0.071201 0.557912
vt 0.068815 0.557912
vt 0.094969 0.515447
vt 0.092582 0.515447
vt 0.071201 0.542302
vt 0.068815 0.542302
vt 0.071201 0.450447
vt 0.068815 0.450447
vt 0.247865 0.803974
vt 0.245133 0.803975
vt 0.234080 0.012667
vt 0.231363 0.012667
vt 0.094969 0.721476
vt 0.092582 0.721476
vt 0.917194 0.747431
vt 0.917194 0.760625
vt 0.993466 0.760625
vt 0.993466 0.747431
vt 0.879981 0.747431
vt 0.879981 0.760625
vt 0.899256 0.760625
vt 0.899256 0.747431
vt 0.841186 0.747431
vt 0.841186 0.760624
vt 0.861964 0.760624
vt 0.861964 0.747431
vt 0.861964 0.410693
vt 0.861964 0.421191
vt 0.879981 0.421191
vt 0.879981 0.410693
vt 0.899256 0.421191
vt 0.899256 0.410693
vt 0.917193 0.421191
vt 0.917193 0.410693
vt 0.836833 0.747431
vt 0.836833 0.760624
vt 0.836832 0.008920
vt 0.836832 0.021883
vt 0.841185 0.021883
vt 0.841185 0.008920
vt 0.917193 0.008920
vt 0.917193 0.021883
vt 0.993466 0.021883
vt 0.993466 0.008920
vt 0.879981 0.008920
vt 0.879981 0.021883
vt 0.899256 0.021883
vt 0.899256 0.008920
vt 0.861963 0.021883
vt 0.861963 0.008920
vt 0.836832 0.604729
vt 0.841185 0.604729
vt 0.861964 0.604729
vt 0.879981 0.604729
vt 0.899256 0.604729
vt 0.917193 0.604729
vt 0.993466 0.604729
vt 0.993466 0.421191
vt 0.993466 0.410693
vt 0.836832 0.582994
vt 0.841185 0.582994
vt 0.841185 0.415053
vt 0.841185 0.416830
vt 0.841185 0.421191
vt 0.841185 0.410693
vt 0.836832 0.196498
vt 0.841185 0.196498
vt 0.917193 0.196498
vt 0.993466 0.196498
vt 0.899256 0.196498
vt 0.879981 0.196498
vt 0.861964 0.196498
vt 0.917193 0.582994
vt 0.993466 0.582994
vt 0.899256 0.582994
vt 0.879981 0.582994
vt 0.861964 0.582994
vt 0.836832 0.410693
vt 0.838493 0.411025
vt 0.839908 0.411970
vt 0.840853 0.413384
vt 0.836832 0.421191
vt 0.840853 0.418499
vt 0.839908 0.419913
vt 0.838493 0.420859
vt 0.917193 0.216404
vt 0.993466 0.216404
vt 0.899256 0.216404
vt 0.879981 0.216404
vt 0.861964 0.216404
vt 0.861964 0.236309
vt 0.841185 0.236309
vt 0.818922 0.236309
vt 0.818922 0.410693
vt 0.836832 0.236309
vt 0.821085 0.021883
vt 0.821085 0.196498
vt 0.821085 0.008920
vt 0.821182 0.604729
vt 0.821183 0.747431
vt 0.821183 0.760624
vt 0.836832 0.561260
vt 0.818922 0.421191
vt 0.818923 0.561260
vt 0.836832 0.216404
vt 0.841185 0.216404
vt 0.820525 0.216404
vt 0.879981 0.236309
vt 0.899256 0.236309
vt 0.917193 0.236309
vt 0.993466 0.236309
vt 0.820617 0.582994
vt 0.841185 0.561260
vt 0.861964 0.561260
vt 0.879981 0.561259
vt 0.899256 0.561259
vt 0.917193 0.561259
vt 0.993466 0.561259
vt 0.228649 0.434594
vt 0.228649 0.432270
vt 0.228649 0.436919
vt 0.228649 0.439244
vt 0.228649 0.441559
vt 0.242396 0.629333
vt 0.242401 0.601850
vt 0.242401 0.574416
vt 0.242407 0.417947
vt 0.228649 0.186097
vt 0.228649 0.213354
vt 0.228649 0.621154
vt 0.228648 0.650916
vt 0.242404 0.187329
vt 0.242404 0.217258
vt 0.242404 0.247186
vt 0.228649 0.466031
vt 0.228648 0.240688
vt 0.090196 0.450447
vt 0.090196 0.469294
vt 0.066429 0.696279
vt 0.066429 0.701521
vt 0.228650 0.422867
vt 0.228650 0.420552
vt 0.228650 0.425192
vt 0.228650 0.427516
vt 0.228650 0.429841
vt 0.242401 0.030852
vt 0.228647 0.680598
vt 0.228646 0.030439
vt 0.228647 0.835576
vt 0.228646 0.853571
vt 0.090196 0.537145
vt 0.090196 0.553033
vt 0.066429 0.720485
vt 0.090196 0.576245
vt 0.090196 0.592133
vt 0.090196 0.613734
vt 0.090196 0.629623
vt 0.228651 0.396079
vt 0.242401 0.012667
vt 0.066429 0.655645
vt 0.066429 0.671256
vt 0.242402 0.786103
vt 0.090196 0.474536
vt 0.090196 0.499558
vt 0.242407 0.403504
vt 0.066429 0.618336
vt 0.066429 0.633947
vt 0.066429 0.595124
vt 0.066429 0.579514
vt 0.066429 0.557912
vt 0.090196 0.515447
vt 0.066429 0.542302
vt 0.066429 0.450447
vt 0.242401 0.803975
vt 0.228647 0.012667
vt 0.090196 0.721476
vt 0.427230 0.638194
vt 0.427230 0.616231
vt 0.428172 0.614337
vt 0.429693 0.613185
vt 0.430635 0.613653
vt 0.430635 0.638194
vt 0.710866 0.378520
vt 0.710866 0.386208
vt 0.655447 0.386208
vt 0.654389 0.384082
vt 0.656991 0.380646
vt 0.661270 0.378520
vt 0.220329 0.025943
vt 0.220329 0.057948
vt 0.215687 0.057948
vt 0.215687 0.025943
vt 0.220329 0.015208
vt 0.220329 0.020121
vt 0.215687 0.020121
vt 0.215687 0.015208
vt 0.409555 0.638194
vt 0.409555 0.615050
vt 0.413618 0.615050
vt 0.413618 0.638194
vt 0.363757 0.638194
vt 0.363757 0.615050
vt 0.368647 0.617988
vt 0.368647 0.638194
vt 0.348597 0.638194
vt 0.338820 0.616519
vt 0.347215 0.617988
vt 0.356167 0.638194
vt 0.286156 0.638194
vt 0.277055 0.615050
vt 0.283207 0.617988
vt 0.291727 0.638194
vt 0.330388 0.638194
vt 0.321287 0.615050
vt 0.325989 0.617988
vt 0.334284 0.638194
vt 0.381414 0.638194
vt 0.381414 0.616519
vt 0.389727 0.617988
vt 0.389727 0.638194
vt 0.710866 0.347779
vt 0.658602 0.375852
vt 0.658602 0.347779
vt 0.380291 0.614022
vt 0.378269 0.609525
vt 0.386824 0.610985
vt 0.388690 0.615488
vt 0.315200 0.602496
vt 0.319531 0.603654
vt 0.272674 0.602496
vt 0.276749 0.603654
vt 0.295301 0.614022
vt 0.293279 0.609524
vt 0.301777 0.610985
vt 0.303644 0.615488
vt 0.337697 0.614021
vt 0.335675 0.609525
vt 0.344311 0.610985
vt 0.346178 0.615488
vt 0.357670 0.602496
vt 0.362189 0.603654
vt 0.403469 0.602496
vt 0.408092 0.603654
vt 0.351884 0.615050
vt 0.345798 0.602496
vt 0.341437 0.593502
vt 0.354426 0.595804
vt 0.362067 0.638194
vt 0.394345 0.615050
vt 0.388259 0.602496
vt 0.394345 0.638194
vt 0.383898 0.593502
vt 0.400282 0.595924
vt 0.309413 0.615050
vt 0.303327 0.602496
vt 0.320014 0.638194
vt 0.298966 0.593502
vt 0.311969 0.595832
vt 0.263653 0.615050
vt 0.263653 0.602496
vt 0.263653 0.638194
vt 0.263653 0.593502
vt 0.268679 0.595099
vt 0.710866 0.338605
vt 0.658602 0.338605
vt 0.710866 0.235180
vt 0.710866 0.246224
vt 0.665236 0.246224
vt 0.658602 0.235180
vt 0.710866 0.200945
vt 0.710866 0.218041
vt 0.665236 0.197824
vt 0.661390 0.175843
vt 0.710866 0.104631
vt 0.710866 0.122324
vt 0.665236 0.101771
vt 0.661390 0.080151
vt 0.710866 0.059937
vt 0.710866 0.072519
vt 0.665236 0.053279
vt 0.658602 0.039385
vt 0.710866 0.159825
vt 0.710866 0.168623
vt 0.665236 0.149891
vt 0.658602 0.139272
vt 0.710866 0.275055
vt 0.710866 0.293828
vt 0.665236 0.293828
vt 0.661390 0.272061
vt 0.242396 0.897432
vt 0.242396 0.884713
vt 0.245107 0.884713
vt 0.245107 0.897432
vt 0.632866 0.135306
vt 0.630252 0.125527
vt 0.632866 0.038694
vt 0.630252 0.029492
vt 0.215688 0.246988
vt 0.215688 0.259536
vt 0.212977 0.259536
vt 0.212977 0.246988
vt 0.242396 0.859020
vt 0.245107 0.859020
vt 0.632866 0.231639
vt 0.630252 0.221435
vt 0.632866 0.335301
vt 0.630252 0.324860
vt 0.658602 0.208369
vt 0.630252 0.194624
vt 0.615139 0.214107
vt 0.609941 0.184777
vt 0.710866 0.231363
vt 0.658602 0.304256
vt 0.630252 0.290511
vt 0.710866 0.304256
vt 0.615410 0.317664
vt 0.609941 0.280664
vt 0.658602 0.112459
vt 0.630252 0.098714
vt 0.710866 0.136398
vt 0.615201 0.118230
vt 0.609941 0.088867
vt 0.658602 0.009120
vt 0.630252 0.009120
vt 0.710866 0.009120
vt 0.613546 0.020470
vt 0.609941 0.009120
vt 0.220330 0.948956
vt 0.220330 0.970602
vt 0.215688 0.970603
vt 0.215688 0.948956
vt 0.220330 0.840535
vt 0.220330 0.862737
vt 0.215688 0.862737
vt 0.215688 0.844076
vt 0.426049 0.615050
vt 0.220330 0.378431
vt 0.220330 0.390441
vt 0.215688 0.390441
vt 0.215688 0.378431
vt 0.288168 0.615050
vt 0.298595 0.638194
vt 0.220330 0.561477
vt 0.220330 0.584028
vt 0.215689 0.584028
vt 0.215689 0.565075
vt 0.220330 0.409590
vt 0.220330 0.443551
vt 0.215688 0.443551
vt 0.215688 0.409590
vt 0.220330 0.469285
vt 0.215688 0.469285
vt 0.220329 0.090556
vt 0.220329 0.102827
vt 0.215687 0.102827
vt 0.215687 0.090556
vt 0.220330 0.190008
vt 0.220330 0.225928
vt 0.215688 0.225928
vt 0.215688 0.190008
vt 0.369141 0.131905
vt 0.369141 0.194990
vt 0.364227 0.194990
vt 0.364227 0.131905
vt 0.369141 0.073170
vt 0.369141 0.097685
vt 0.364227 0.097685
vt 0.364227 0.073170
vt 0.220330 0.337953
vt 0.215688 0.337953
vt 0.220329 0.121631
vt 0.215687 0.121631
vt 0.220330 0.505206
vt 0.215688 0.505206
vt 0.220330 0.596881
vt 0.220330 0.604019
vt 0.215688 0.604019
vt 0.215689 0.596881
vt 0.220330 0.688808
vt 0.220330 0.722819
vt 0.215688 0.722819
vt 0.215688 0.688808
vt 0.220330 0.658198
vt 0.220330 0.669739
vt 0.215689 0.669739
vt 0.215689 0.658198
vt 0.220330 0.526378
vt 0.220330 0.538926
vt 0.215688 0.538926
vt 0.215688 0.526378
vt 0.220330 0.748553
vt 0.220330 0.784474
vt 0.215688 0.784474
vt 0.215688 0.748553
vt 0.220330 0.875590
vt 0.220330 0.882728
vt 0.215688 0.882728
vt 0.215688 0.875590
vt 0.220330 0.984181
vt 0.215688 0.984181
vt 0.220330 0.805785
vt 0.220330 0.818333
vt 0.215688 0.818333
vt 0.215688 0.805785
vt 0.220330 0.897570
vt 0.220330 0.938049
vt 0.215688 0.938049
vt 0.215688 0.897570
vt 0.220330 0.164274
vt 0.215688 0.164274
vt 0.220330 0.617720
vt 0.215688 0.617720
vt 0.220330 0.246988
vt 0.220330 0.259536
vt 0.220330 0.317077
vt 0.220330 0.324215
vt 0.215688 0.324215
vt 0.215688 0.317077
vt 0.220330 0.281880
vt 0.220330 0.304225
vt 0.215688 0.304225
vt 0.215688 0.285445
vt 0.590330 0.328846
vt 0.590330 0.403722
vt 0.587212 0.403722
vt 0.587212 0.328846
vt 0.373101 0.615050
vt 0.373101 0.638194
vt 0.710866 0.256282
vt 0.658602 0.256282
vt 0.220330 0.240019
vt 0.215688 0.240019
vt 0.459188 0.240279
vt 0.427796 0.308815
vt 0.447763 0.308815
vt 0.472328 0.248979
vt 0.287829 0.325615
vt 0.258935 0.388700
vt 0.275922 0.388700
vt 0.300730 0.333623
vt 0.352778 0.198649
vt 0.329555 0.253726
vt 0.312151 0.253726
vt 0.339258 0.190641
vt 0.528758 0.395616
vt 0.502246 0.455453
vt 0.484777 0.455453
vt 0.514930 0.386917
vt 0.570243 0.472749
vt 0.570243 0.547348
vt 0.567125 0.547348
vt 0.567125 0.472749
vt 0.531610 0.396879
vt 0.505098 0.456716
vt 0.355423 0.199764
vt 0.332199 0.254841
vt 0.652968 0.061749
vt 0.655751 0.077584
vt 0.645597 0.072961
vt 0.642824 0.056831
vt 0.710866 0.086937
vt 0.658602 0.064480
vt 0.286958 0.612555
vt 0.284780 0.608063
vt 0.652968 0.157179
vt 0.655751 0.173276
vt 0.645597 0.168653
vt 0.642824 0.152261
vt 0.710866 0.183850
vt 0.658602 0.159911
vt 0.329217 0.612556
vt 0.327039 0.608063
vt 0.341027 0.638194
vt 0.330426 0.615050
vt 0.652968 0.253551
vt 0.655751 0.269493
vt 0.645597 0.264870
vt 0.642824 0.248633
vt 0.371892 0.612556
vt 0.369714 0.608063
vt 0.296424 0.616519
vt 0.220330 0.798816
vt 0.215688 0.798816
vt 0.659590 0.099430
vt 0.304681 0.617988
vt 0.220330 0.519409
vt 0.215688 0.519409
vt 0.659590 0.195483
vt 0.659590 0.291487
vt 0.655751 0.269493
vt 0.659590 0.291487
vt 0.649423 0.287271
vt 0.645597 0.264870
vt 0.655751 0.077584
vt 0.659590 0.099430
vt 0.649423 0.095214
vt 0.645597 0.072961
vt 0.655751 0.173276
vt 0.659590 0.195483
vt 0.649423 0.191267
vt 0.645597 0.168653
vt 0.212977 0.818333
vt 0.212977 0.805785
vt 0.347337 0.833692
vt 0.339435 0.833692
vt 0.339435 0.832007
vt 0.347337 0.832007
vt 0.212977 0.565075
vt 0.212977 0.538926
vt 0.212977 0.526378
vt 0.212977 0.844076
vt 0.339435 0.925335
vt 0.347337 0.925335
vt 0.347337 0.927020
vt 0.339435 0.927020
vt 0.355145 0.940721
vt 0.339435 0.940721
vt 0.339435 0.939036
vt 0.355145 0.939036
vt 0.212977 0.285445
vt 0.077456 0.893652
vt 0.077456 0.868198
vt 0.080167 0.868198
vt 0.080167 0.893652
vt 0.430635 0.612889
vt 0.653722 0.386208
vt 0.427160 0.614841
vt 0.658130 0.378361
vt 0.215687 0.012667
vt 0.220329 0.012667
vt 0.220329 0.023032
vt 0.215687 0.023032
vt 0.212977 0.519409
vt 0.212977 0.505206
vt 0.313782 0.638194
vt 0.403174 0.325615
vt 0.406044 0.325615
vt 0.406044 0.395000
vt 0.403174 0.395000
vt 0.303347 0.334801
vt 0.278539 0.389879
vt 0.212977 0.798816
vt 0.212977 0.784474
vt 0.212977 0.882728
vt 0.212977 0.897571
vt 0.475212 0.250163
vt 0.450648 0.310000
vt 0.077457 0.728800
vt 0.080167 0.728800
vt 0.080168 0.794339
vt 0.077456 0.794339
vt 0.212977 0.604019
vt 0.212977 0.617720
vt 0.434040 0.638194
vt 0.432808 0.660876
vt 0.432500 0.660973
vt 0.430919 0.658939
vt 0.430635 0.658112
vt 0.710866 0.393897
vt 0.755847 0.386208
vt 0.757714 0.386849
vt 0.762307 0.390419
vt 0.762089 0.391116
vt 0.428462 0.660876
vt 0.428025 0.661337
vt 0.413618 0.661337
vt 0.430352 0.658939
vt 0.428770 0.660973
vt 0.409555 0.661338
vt 0.368647 0.658400
vt 0.363757 0.661337
vt 0.347215 0.658400
vt 0.338820 0.659869
vt 0.283207 0.658400
vt 0.277055 0.661337
vt 0.325989 0.658400
vt 0.321287 0.661337
vt 0.389727 0.658400
vt 0.381414 0.659869
vt 0.118956 0.975992
vt 0.118956 0.938897
vt 0.123597 0.938897
vt 0.123597 0.975992
vt 0.380291 0.662366
vt 0.388690 0.660900
vt 0.386824 0.665402
vt 0.378269 0.666863
vt 0.319531 0.672734
vt 0.315200 0.673891
vt 0.276749 0.672734
vt 0.272674 0.673891
vt 0.295301 0.662366
vt 0.303644 0.660900
vt 0.301777 0.665402
vt 0.293279 0.666863
vt 0.337697 0.662366
vt 0.346178 0.660900
vt 0.344311 0.665402
vt 0.335675 0.666863
vt 0.362189 0.672734
vt 0.357670 0.673891
vt 0.408092 0.672734
vt 0.403469 0.673891
vt 0.351884 0.661337
vt 0.345798 0.673891
vt 0.354425 0.680584
vt 0.341437 0.682885
vt 0.394345 0.661337
vt 0.388259 0.673891
vt 0.400282 0.680463
vt 0.383898 0.682885
vt 0.309413 0.661337
vt 0.303327 0.673891
vt 0.311969 0.680556
vt 0.298966 0.682885
vt 0.263653 0.661337
vt 0.263653 0.673891
vt 0.268679 0.681289
vt 0.263653 0.682885
vt 0.763131 0.338605
vt 0.763131 0.347779
vt 0.763131 0.235180
vt 0.756496 0.246224
vt 0.760343 0.175843
vt 0.756496 0.197824
vt 0.760343 0.080151
vt 0.756496 0.101771
vt 0.763131 0.039385
vt 0.756496 0.053279
vt 0.763131 0.139272
vt 0.756496 0.149891
vt 0.760343 0.272061
vt 0.756496 0.293828
vt 0.391499 0.522665
vt 0.394370 0.522665
vt 0.394370 0.536131
vt 0.391499 0.536131
vt 0.791480 0.125527
vt 0.788866 0.135306
vt 0.791480 0.029492
vt 0.788866 0.038694
vt 0.137337 0.749856
vt 0.134626 0.749856
vt 0.134626 0.737308
vt 0.137337 0.737308
vt 0.394370 0.563332
vt 0.391499 0.563332
vt 0.791480 0.221435
vt 0.788866 0.231639
vt 0.791480 0.324860
vt 0.788866 0.335301
vt 0.763131 0.208369
vt 0.791480 0.194624
vt 0.811791 0.184777
vt 0.806593 0.214107
vt 0.763131 0.304256
vt 0.791480 0.290511
vt 0.811791 0.280664
vt 0.806322 0.317664
vt 0.763131 0.112459
vt 0.791480 0.098714
vt 0.811791 0.088867
vt 0.806531 0.118230
vt 0.763131 0.009120
vt 0.791480 0.009120
vt 0.811791 0.009120
vt 0.808186 0.020470
vt 0.141980 0.047891
vt 0.137339 0.047891
vt 0.137339 0.026244
vt 0.141980 0.026245
vt 0.141979 0.156309
vt 0.137338 0.152768
vt 0.137338 0.134107
vt 0.141979 0.134107
vt 0.763131 0.380314
vt 0.762089 0.381301
vt 0.141978 0.618412
vt 0.137336 0.618412
vt 0.137336 0.606403
vt 0.141978 0.606402
vt 0.288167 0.661337
vt 0.141978 0.435366
vt 0.137336 0.431768
vt 0.137336 0.412814
vt 0.141978 0.412814
vt 0.141978 0.587254
vt 0.137336 0.587254
vt 0.137336 0.553292
vt 0.141978 0.553292
vt 0.137336 0.527558
vt 0.141978 0.527558
vt 0.141980 0.906291
vt 0.137338 0.906291
vt 0.137338 0.894019
vt 0.141980 0.894019
vt 0.141980 0.938900
vt 0.137338 0.938900
vt 0.141979 0.806837
vt 0.137337 0.806837
vt 0.137337 0.770916
vt 0.141979 0.770916
vt 0.369141 0.258076
vt 0.364227 0.258076
vt 0.369141 0.316811
vt 0.364227 0.316811
vt 0.364227 0.292295
vt 0.369141 0.292295
vt 0.141978 0.658890
vt 0.137336 0.658890
vt 0.137338 0.875215
vt 0.141980 0.875215
vt 0.137336 0.491638
vt 0.141978 0.491638
vt 0.141978 0.399961
vt 0.137336 0.399961
vt 0.137336 0.392824
vt 0.141978 0.392824
vt 0.141979 0.308034
vt 0.137337 0.308034
vt 0.137337 0.274024
vt 0.141979 0.274024
vt 0.141978 0.338644
vt 0.137337 0.338644
vt 0.137337 0.327103
vt 0.141978 0.327103
vt 0.141978 0.470465
vt 0.137336 0.470465
vt 0.137336 0.457917
vt 0.141978 0.457917
vt 0.141979 0.248290
vt 0.137337 0.248290
vt 0.137337 0.212369
vt 0.141979 0.212369
vt 0.141979 0.121255
vt 0.137338 0.121255
vt 0.137338 0.114117
vt 0.141980 0.114117
vt 0.137339 0.012667
vt 0.141981 0.012667
vt 0.141979 0.191059
vt 0.137337 0.191059
vt 0.137337 0.178510
vt 0.141979 0.178510
vt 0.141980 0.099275
vt 0.137338 0.099275
vt 0.137338 0.058797
vt 0.141980 0.058797
vt 0.137338 0.832571
vt 0.141979 0.832571
vt 0.141978 0.379123
vt 0.137336 0.379123
vt 0.141979 0.749856
vt 0.141979 0.737308
vt 0.141978 0.679765
vt 0.137337 0.679765
vt 0.137337 0.672628
vt 0.141978 0.672628
vt 0.141979 0.714963
vt 0.137337 0.711399
vt 0.137337 0.692618
vt 0.141978 0.692618
vt 0.587212 0.253970
vt 0.590330 0.253970
vt 0.373101 0.661338
vt 0.763131 0.256282
vt 0.137337 0.756824
vt 0.141979 0.756824
vt 0.459188 0.377352
vt 0.472327 0.368652
vt 0.287829 0.451785
vt 0.300730 0.443777
vt 0.352778 0.308804
vt 0.339258 0.316811
vt 0.528759 0.515289
vt 0.514931 0.523989
vt 0.567125 0.398155
vt 0.570243 0.398155
vt 0.531610 0.514026
vt 0.505098 0.454189
vt 0.355423 0.307688
vt 0.332199 0.252611
vt 0.768764 0.061749
vt 0.778908 0.056831
vt 0.776135 0.072961
vt 0.765981 0.077584
vt 0.763131 0.064480
vt 0.286958 0.663832
vt 0.284780 0.668324
vt 0.768764 0.157179
vt 0.778908 0.152261
vt 0.776135 0.168653
vt 0.765981 0.173276
vt 0.763131 0.159911
vt 0.329217 0.663832
vt 0.327039 0.668324
vt 0.330426 0.661337
vt 0.768764 0.253551
vt 0.778908 0.248633
vt 0.776135 0.264870
vt 0.765981 0.269493
vt 0.371892 0.663832
vt 0.369714 0.668324
vt 0.296424 0.659869
vt 0.141979 0.198027
vt 0.137337 0.198027
vt 0.762143 0.099430
vt 0.304681 0.658400
vt 0.141978 0.477434
vt 0.137336 0.477434
vt 0.762143 0.195483
vt 0.762143 0.291487
vt 0.765981 0.269493
vt 0.776135 0.264870
vt 0.772309 0.287271
vt 0.762143 0.291487
vt 0.765981 0.077584
vt 0.776135 0.072961
vt 0.772309 0.095214
vt 0.762143 0.099430
vt 0.765981 0.173276
vt 0.776135 0.168653
vt 0.772309 0.191267
vt 0.762143 0.195483
vt 0.134626 0.191059
vt 0.134626 0.178510
vt 0.339435 0.885917
vt 0.339435 0.884233
vt 0.347337 0.884233
vt 0.347337 0.885917
vt 0.134625 0.457917
vt 0.134625 0.431768
vt 0.134625 0.470465
vt 0.134626 0.152768
vt 0.339435 0.892768
vt 0.339435 0.891083
vt 0.347337 0.891083
vt 0.347337 0.892768
vt 0.355146 0.959588
vt 0.355146 0.961272
vt 0.339435 0.961272
vt 0.339435 0.959588
vt 0.134626 0.711399
vt 0.069140 0.893651
vt 0.066429 0.893651
vt 0.066429 0.868198
vt 0.069140 0.868198
vt 0.134625 0.477434
vt 0.134625 0.491638
vt 0.403174 0.464388
vt 0.406044 0.464388
vt 0.303347 0.442598
vt 0.278539 0.387521
vt 0.134626 0.198027
vt 0.134626 0.212369
vt 0.134627 0.114117
vt 0.134627 0.099275
vt 0.475212 0.367468
vt 0.450648 0.307631
vt 0.077456 0.859882
vt 0.080168 0.859882
vt 0.134625 0.392824
vt 0.134625 0.379123
vt 0.431577 0.613185
vt 0.433098 0.614337
vt 0.434040 0.616231
vt 0.661270 0.393897
vt 0.656991 0.391770
vt 0.654389 0.388335
vt 0.188991 0.970905
vt 0.184349 0.970905
vt 0.184349 0.938899
vt 0.188991 0.938899
vt 0.188991 0.981641
vt 0.184349 0.981641
vt 0.184349 0.976728
vt 0.188991 0.976728
vt 0.451715 0.638194
vt 0.447652 0.638194
vt 0.447652 0.615050
vt 0.451715 0.615050
vt 0.497513 0.638194
vt 0.492623 0.638194
vt 0.492623 0.617988
vt 0.497513 0.615050
vt 0.512673 0.638194
vt 0.505103 0.638194
vt 0.514056 0.617988
vt 0.522450 0.616519
vt 0.575114 0.638194
vt 0.569543 0.638194
vt 0.578063 0.617988
vt 0.584215 0.615050
vt 0.530882 0.638194
vt 0.526986 0.638194
vt 0.535281 0.617988
vt 0.539983 0.615050
vt 0.479856 0.638194
vt 0.471543 0.638194
vt 0.471543 0.617988
vt 0.479856 0.616519
vt 0.710866 0.424638
vt 0.658602 0.424638
vt 0.658602 0.396565
vt 0.480979 0.614022
vt 0.472580 0.615488
vt 0.474447 0.610985
vt 0.483001 0.609525
vt 0.541739 0.603654
vt 0.546070 0.602496
vt 0.584521 0.603654
vt 0.588596 0.602496
vt 0.565969 0.614022
vt 0.557626 0.615488
vt 0.559493 0.610985
vt 0.567991 0.609524
vt 0.523573 0.614022
vt 0.515092 0.615488
vt 0.516959 0.610985
vt 0.525595 0.609525
vt 0.499081 0.603654
vt 0.503600 0.602496
vt 0.453178 0.603654
vt 0.457801 0.602496
vt 0.509386 0.615050
vt 0.515473 0.602496
vt 0.506845 0.595804
vt 0.519833 0.593502
vt 0.499204 0.638194
vt 0.466925 0.615050
vt 0.473012 0.602496
vt 0.466925 0.638194
vt 0.460988 0.595924
vt 0.477372 0.593502
vt 0.551857 0.615050
vt 0.557943 0.602496
vt 0.541256 0.638194
vt 0.549301 0.595832
vt 0.562304 0.593502
vt 0.597617 0.615050
vt 0.597617 0.602496
vt 0.597617 0.638194
vt 0.592591 0.595099
vt 0.597617 0.593502
vt 0.710866 0.433812
vt 0.658602 0.433812
vt 0.710866 0.537237
vt 0.658602 0.537237
vt 0.665236 0.526193
vt 0.710866 0.526193
vt 0.710866 0.571472
vt 0.661390 0.596573
vt 0.665236 0.574593
vt 0.710866 0.554376
vt 0.710866 0.667786
vt 0.661390 0.692265
vt 0.665236 0.670646
vt 0.710866 0.650093
vt 0.710866 0.712479
vt 0.658602 0.733032
vt 0.665236 0.719138
vt 0.710866 0.699897
vt 0.710866 0.612592
vt 0.658602 0.633145
vt 0.665236 0.622526
vt 0.710866 0.603794
vt 0.710866 0.497362
vt 0.661390 0.500356
vt 0.665236 0.478589
vt 0.710866 0.478589
vt 0.245107 0.850704
vt 0.242396 0.850704
vt 0.242396 0.837984
vt 0.245107 0.837984
vt 0.630252 0.646890
vt 0.632866 0.637110
vt 0.630252 0.742924
vt 0.632866 0.733722
vt 0.184348 0.749855
vt 0.181637 0.749855
vt 0.181637 0.737307
vt 0.184348 0.737307
vt 0.242396 0.812291
vt 0.245107 0.812291
vt 0.630252 0.550982
vt 0.632866 0.540777
vt 0.630252 0.447557
vt 0.632866 0.437116
vt 0.658602 0.564048
vt 0.630252 0.577793
vt 0.609941 0.587640
vt 0.615139 0.558309
vt 0.710866 0.541054
vt 0.658602 0.468160
vt 0.630252 0.481906
vt 0.710866 0.468160
vt 0.609941 0.491753
vt 0.615410 0.454752
vt 0.658602 0.659958
vt 0.630252 0.673703
vt 0.710866 0.636019
vt 0.609941 0.683550
vt 0.615201 0.654187
vt 0.658602 0.763297
vt 0.630252 0.763297
vt 0.710866 0.763297
vt 0.609941 0.763297
vt 0.613546 0.751947
vt 0.188991 0.047891
vt 0.184349 0.047891
vt 0.184349 0.026245
vt 0.188991 0.026245
vt 0.188990 0.156308
vt 0.184349 0.152767
vt 0.184349 0.134107
vt 0.188990 0.134107
vt 0.435221 0.615050
vt 0.188990 0.618411
vt 0.184348 0.618411
vt 0.184348 0.606401
vt 0.188990 0.606401
vt 0.573103 0.615050
vt 0.562676 0.638194
vt 0.188989 0.435364
vt 0.184348 0.431766
vt 0.184348 0.412812
vt 0.188989 0.412812
vt 0.188990 0.587252
vt 0.184348 0.587252
vt 0.184348 0.553291
vt 0.188990 0.553291
vt 0.184348 0.527556
vt 0.188990 0.527556
vt 0.188991 0.906290
vt 0.184349 0.906290
vt 0.184349 0.894019
vt 0.188991 0.894018
vt 0.188990 0.806836
vt 0.184349 0.806836
vt 0.184348 0.770916
vt 0.188990 0.770916
vt 0.382695 0.510520
vt 0.377781 0.510520
vt 0.377781 0.447434
vt 0.382695 0.447434
vt 0.382695 0.569255
vt 0.377781 0.569255
vt 0.377781 0.544739
vt 0.382695 0.544739
vt 0.188990 0.658889
vt 0.184348 0.658889
vt 0.184349 0.875214
vt 0.188991 0.875214
vt 0.184348 0.491636
vt 0.188990 0.491636
vt 0.188990 0.399959
vt 0.184348 0.399959
vt 0.184348 0.392822
vt 0.188990 0.392822
vt 0.188990 0.308032
vt 0.184348 0.308032
vt 0.184348 0.274022
vt 0.188990 0.274022
vt 0.188990 0.338643
vt 0.184348 0.338643
vt 0.184348 0.327101
vt 0.188990 0.327101
vt 0.188989 0.470463
vt 0.184348 0.470463
vt 0.184348 0.457915
vt 0.188989 0.457915
vt 0.188990 0.248288
vt 0.184348 0.248288
vt 0.184348 0.212368
vt 0.188990 0.212368
vt 0.188990 0.121254
vt 0.184349 0.121254
vt 0.184349 0.114116
vt 0.188991 0.114116
vt 0.184349 0.012667
vt 0.188991 0.012667
vt 0.188990 0.191057
vt 0.184348 0.191058
vt 0.184348 0.178509
vt 0.188990 0.178510
vt 0.188991 0.099274
vt 0.184349 0.099274
vt 0.184349 0.058797
vt 0.188991 0.058797
vt 0.184349 0.832571
vt 0.188990 0.832571
vt 0.188990 0.379121
vt 0.184348 0.379121
vt 0.188990 0.749855
vt 0.188990 0.737307
vt 0.188990 0.679765
vt 0.184348 0.679765
vt 0.184348 0.672627
vt 0.188990 0.672627
vt 0.188990 0.714962
vt 0.184348 0.711398
vt 0.184348 0.692617
vt 0.188990 0.692617
vt 0.415013 0.142091
vt 0.417883 0.142091
vt 0.417883 0.211012
vt 0.415013 0.211012
vt 0.488169 0.615050
vt 0.488169 0.638194
vt 0.658602 0.516134
vt 0.710866 0.516134
vt 0.184348 0.756824
vt 0.188990 0.756824
vt 0.516169 0.230714
vt 0.529309 0.222015
vt 0.504744 0.162178
vt 0.484777 0.162178
vt 0.287829 0.181837
vt 0.300730 0.173830
vt 0.275922 0.118753
vt 0.258935 0.118753
vt 0.574513 0.383149
vt 0.560242 0.388590
vt 0.541758 0.317244
vt 0.560735 0.317244
vt 0.352634 0.443777
vt 0.339906 0.451785
vt 0.312151 0.388700
vt 0.328231 0.388700
vt 0.554442 0.472753
vt 0.557560 0.472753
vt 0.557560 0.547349
vt 0.554442 0.547349
vt 0.355259 0.442614
vt 0.330856 0.387537
vt 0.577647 0.382494
vt 0.564019 0.317244
vt 0.652968 0.710668
vt 0.642824 0.715586
vt 0.645597 0.699456
vt 0.655751 0.694833
vt 0.710866 0.685479
vt 0.658602 0.707937
vt 0.574312 0.612556
vt 0.576490 0.608064
vt 0.652968 0.615237
vt 0.642824 0.620156
vt 0.645597 0.603764
vt 0.655751 0.599141
vt 0.710866 0.588567
vt 0.658602 0.612506
vt 0.532054 0.612556
vt 0.534231 0.608063
vt 0.520244 0.638194
vt 0.530844 0.615050
vt 0.652968 0.518865
vt 0.642824 0.523784
vt 0.645597 0.507546
vt 0.655751 0.502923
vt 0.489378 0.612556
vt 0.491556 0.608063
vt 0.564846 0.616519
vt 0.188990 0.198026
vt 0.184348 0.198026
vt 0.659590 0.672987
vt 0.556590 0.617988
vt 0.188990 0.477432
vt 0.184348 0.477432
vt 0.659590 0.576934
vt 0.659590 0.480930
vt 0.655751 0.502923
vt 0.645597 0.507546
vt 0.649423 0.485146
vt 0.659590 0.480930
vt 0.655751 0.694833
vt 0.645597 0.699456
vt 0.649423 0.677202
vt 0.659590 0.672987
vt 0.655751 0.599141
vt 0.645597 0.603764
vt 0.649423 0.581150
vt 0.659590 0.576934
vt 0.181637 0.191057
vt 0.181637 0.178510
vt 0.347337 0.904784
vt 0.347337 0.906468
vt 0.339435 0.906468
vt 0.339435 0.904784
vt 0.181637 0.457915
vt 0.181637 0.431766
vt 0.181637 0.470463
vt 0.181637 0.152767
vt 0.347337 0.838858
vt 0.347337 0.840542
vt 0.339435 0.840542
vt 0.339435 0.838858
vt 0.339435 0.954421
vt 0.339435 0.952737
vt 0.355145 0.952737
vt 0.355145 0.954421
vt 0.181637 0.711398
vt 0.406209 0.275135
vt 0.403338 0.275135
vt 0.403338 0.248188
vt 0.406209 0.248188
vt 0.434110 0.614841
vt 0.658130 0.394056
vt 0.184349 0.984182
vt 0.188991 0.984182
vt 0.184349 0.973816
vt 0.188991 0.973816
vt 0.181637 0.477432
vt 0.181637 0.491636
vt 0.547488 0.638194
vt 0.066429 0.859882
vt 0.066429 0.794339
vt 0.069140 0.794339
vt 0.069140 0.859882
vt 0.303347 0.172651
vt 0.278539 0.117574
vt 0.181637 0.198026
vt 0.181637 0.212368
vt 0.181638 0.114116
vt 0.181638 0.099274
vt 0.532194 0.220831
vt 0.507629 0.160994
vt 0.391499 0.464389
vt 0.391499 0.395000
vt 0.394370 0.395000
vt 0.394370 0.464389
vt 0.181637 0.392822
vt 0.181637 0.379121
vt 0.762307 0.381998
vt 0.757714 0.385568
vt 0.141981 0.975994
vt 0.137339 0.975994
vt 0.447652 0.661338
vt 0.433245 0.661337
vt 0.141981 0.984817
vt 0.137339 0.984817
vt 0.137339 0.978184
vt 0.141981 0.978184
vt 0.451715 0.661338
vt 0.497513 0.661337
vt 0.492623 0.658400
vt 0.522450 0.659869
vt 0.514056 0.658400
vt 0.584215 0.661337
vt 0.578063 0.658400
vt 0.539983 0.661337
vt 0.535281 0.658400
vt 0.479856 0.659869
vt 0.471543 0.658400
vt 0.480979 0.662366
vt 0.483001 0.666863
vt 0.474447 0.665402
vt 0.472580 0.660900
vt 0.546070 0.673891
vt 0.541740 0.672734
vt 0.588596 0.673891
vt 0.584521 0.672734
vt 0.565969 0.662366
vt 0.567992 0.666863
vt 0.559493 0.665402
vt 0.557626 0.660900
vt 0.523573 0.662366
vt 0.525595 0.666863
vt 0.516959 0.665402
vt 0.515092 0.660900
vt 0.503600 0.673891
vt 0.499081 0.672734
vt 0.457801 0.673891
vt 0.453178 0.672734
vt 0.509386 0.661337
vt 0.515473 0.673891
vt 0.519833 0.682885
vt 0.506845 0.680584
vt 0.466925 0.661337
vt 0.473012 0.673891
vt 0.477372 0.682885
vt 0.460988 0.680463
vt 0.551857 0.661337
vt 0.557943 0.673891
vt 0.562304 0.682885
vt 0.549301 0.680556
vt 0.597617 0.661337
vt 0.597617 0.673891
vt 0.597617 0.682885
vt 0.592591 0.681289
vt 0.763131 0.424638
vt 0.763131 0.433812
vt 0.756496 0.526193
vt 0.763131 0.537237
vt 0.756496 0.574593
vt 0.760343 0.596573
vt 0.756496 0.670646
vt 0.760343 0.692265
vt 0.756496 0.719138
vt 0.763131 0.733032
vt 0.756496 0.622526
vt 0.763131 0.633145
vt 0.756496 0.478589
vt 0.760343 0.500356
vt 0.406044 0.522665
vt 0.406044 0.536131
vt 0.403174 0.536131
vt 0.403174 0.522665
vt 0.788866 0.637110
vt 0.791480 0.646890
vt 0.788866 0.733722
vt 0.791480 0.742924
vt 0.123597 0.749855
vt 0.123597 0.737307
vt 0.126308 0.737307
vt 0.126308 0.749855
vt 0.406044 0.563332
vt 0.403174 0.563332
vt 0.788866 0.540777
vt 0.791480 0.550982
vt 0.788866 0.437116
vt 0.791480 0.447557
vt 0.763131 0.564048
vt 0.791480 0.577793
vt 0.806593 0.558309
vt 0.811791 0.587640
vt 0.763131 0.468160
vt 0.791480 0.481906
vt 0.806322 0.454752
vt 0.811791 0.491753
vt 0.763131 0.659958
vt 0.791480 0.673703
vt 0.806531 0.654187
vt 0.811791 0.683550
vt 0.763131 0.763297
vt 0.791480 0.763297
vt 0.808186 0.751947
vt 0.811791 0.763297
vt 0.118956 0.047891
vt 0.118956 0.026245
vt 0.123597 0.026245
vt 0.123598 0.047891
vt 0.118956 0.156310
vt 0.118956 0.134108
vt 0.123598 0.134108
vt 0.123598 0.152769
vt 0.763131 0.392102
vt 0.118956 0.618411
vt 0.118956 0.606402
vt 0.123598 0.606402
vt 0.123598 0.618411
vt 0.573103 0.661337
vt 0.118956 0.435365
vt 0.118956 0.412814
vt 0.123598 0.412814
vt 0.123598 0.431769
vt 0.118956 0.587253
vt 0.118956 0.553292
vt 0.123598 0.553292
vt 0.123598 0.587253
vt 0.118956 0.527557
vt 0.123598 0.527557
vt 0.118956 0.906289
vt 0.118956 0.894017
vt 0.123597 0.894017
vt 0.123597 0.906289
vt 0.118956 0.806836
vt 0.118956 0.770916
vt 0.123597 0.770916
vt 0.123597 0.806836
vt 0.382695 0.384349
vt 0.377781 0.384349
vt 0.382695 0.325615
vt 0.382695 0.350130
vt 0.377781 0.350130
vt 0.377781 0.325615
vt 0.118956 0.658890
vt 0.123597 0.658890
vt 0.118956 0.875213
vt 0.123597 0.875213
vt 0.118956 0.491637
vt 0.123598 0.491637
vt 0.118956 0.399962
vt 0.118956 0.392824
vt 0.123598 0.392824
vt 0.123598 0.399962
vt 0.118956 0.308035
vt 0.118956 0.274025
vt 0.123598 0.274025
vt 0.123598 0.308035
vt 0.118956 0.338646
vt 0.118956 0.327105
vt 0.123598 0.327105
vt 0.123598 0.338646
vt 0.118956 0.470465
vt 0.118956 0.457917
vt 0.123598 0.457917
vt 0.123597 0.470465
vt 0.118956 0.248291
vt 0.118956 0.212370
vt 0.123598 0.212371
vt 0.123598 0.248291
vt 0.118956 0.121255
vt 0.118956 0.114118
vt 0.123598 0.114118
vt 0.123598 0.121255
vt 0.118956 0.012667
vt 0.123597 0.012667
vt 0.118956 0.191060
vt 0.118956 0.178512
vt 0.123598 0.178512
vt 0.123598 0.191060
vt 0.118956 0.099275
vt 0.118956 0.058798
vt 0.123598 0.058797
vt 0.123598 0.099275
vt 0.118956 0.832570
vt 0.123597 0.832570
vt 0.118956 0.379123
vt 0.123598 0.379123
vt 0.118956 0.749855
vt 0.118956 0.737307
vt 0.118956 0.679765
vt 0.118956 0.672628
vt 0.123597 0.672628
vt 0.123597 0.679765
vt 0.118956 0.714963
vt 0.118956 0.692618
vt 0.123597 0.692618
vt 0.123597 0.711398
vt 0.415013 0.073170
vt 0.417883 0.073170
vt 0.488169 0.661337
vt 0.763131 0.516134
vt 0.118956 0.756824
vt 0.123597 0.756824
vt 0.516169 0.093642
vt 0.529309 0.102342
vt 0.287829 0.055668
vt 0.300730 0.063675
vt 0.574513 0.251340
vt 0.560242 0.245898
vt 0.352634 0.333623
vt 0.339906 0.325615
vt 0.554442 0.398155
vt 0.557560 0.398155
vt 0.355259 0.334785
vt 0.330856 0.389862
vt 0.577647 0.251994
vt 0.768764 0.710668
vt 0.765981 0.694833
vt 0.776135 0.699456
vt 0.778908 0.715586
vt 0.763131 0.707937
vt 0.574312 0.663832
vt 0.576490 0.668324
vt 0.768764 0.615237
vt 0.765981 0.599141
vt 0.776135 0.603764
vt 0.778908 0.620156
vt 0.763131 0.612506
vt 0.532054 0.663832
vt 0.534232 0.668324
vt 0.530844 0.661337
vt 0.768764 0.518865
vt 0.765981 0.502923
vt 0.776135 0.507546
vt 0.778908 0.523784
vt 0.489378 0.663832
vt 0.491556 0.668324
vt 0.564846 0.659869
vt 0.118956 0.198029
vt 0.123598 0.198029
vt 0.762143 0.672987
vt 0.556590 0.658400
vt 0.118956 0.477433
vt 0.123598 0.477433
vt 0.762143 0.576934
vt 0.762143 0.480930
vt 0.765981 0.502923
vt 0.762143 0.480930
vt 0.772309 0.485146
vt 0.776135 0.507546
vt 0.765981 0.694833
vt 0.762143 0.672987
vt 0.772309 0.677202
vt 0.776135 0.699456
vt 0.765981 0.599141
vt 0.762143 0.576934
vt 0.772309 0.581150
vt 0.776135 0.603764
vt 0.126309 0.178512
vt 0.126309 0.191060
vt 0.339435 0.818306
vt 0.347337 0.818306
vt 0.347337 0.819991
vt 0.339435 0.819991
vt 0.126309 0.431769
vt 0.126309 0.457917
vt 0.126309 0.470465
vt 0.126309 0.152769
vt 0.391499 0.585603
vt 0.391499 0.572137
vt 0.394369 0.572137
vt 0.394369 0.585603
vt 0.339435 0.973288
vt 0.355145 0.973288
vt 0.355145 0.974973
vt 0.339435 0.974973
vt 0.126309 0.711398
vt 0.590330 0.413287
vt 0.590330 0.442562
vt 0.587212 0.442562
vt 0.587212 0.413287
vt 0.126309 0.477433
vt 0.126309 0.491637
vt 0.066429 0.728800
vt 0.069140 0.728800
vt 0.303347 0.064854
vt 0.278539 0.119931
vt 0.126309 0.198029
vt 0.126309 0.212371
vt 0.126309 0.114118
vt 0.126309 0.099275
vt 0.532194 0.103526
vt 0.507629 0.163362
vt 0.391499 0.325615
vt 0.394370 0.325615
vt 0.126309 0.392824
vt 0.126309 0.379123
vt 0.430739 0.658805
vt 0.430531 0.658805
vt 0.079843 0.504750
vt 0.079517 0.504275
vt 0.079843 0.502500
vt 0.757412 0.385974
vt 0.757412 0.386443
vt 0.079517 0.492409
vt 0.079843 0.491934
vt 0.079843 0.494184
vt 0.428567 0.661155
vt 0.428294 0.661289
vt 0.079651 0.460819
vt 0.080020 0.461418
vt 0.079517 0.462449
vt 0.080232 0.462171
vt 0.080232 0.462875
vt 0.432976 0.661289
vt 0.432703 0.661155
vt 0.080232 0.471191
vt 0.080232 0.471894
vt 0.079517 0.471616
vt 0.080020 0.472647
vt 0.079651 0.473246
vt 0.118956 0.984814
vt 0.123597 0.984814
vt 0.123597 0.985390
vt 0.118956 0.985390
vt 0.123597 0.985925
vt 0.118956 0.985925
vt 0.141981 0.985393
vt 0.137339 0.985393
vt 0.141981 0.976698
vt 0.137339 0.976698
vt 0.141981 0.977480
vt 0.137339 0.977480
vt 0.123597 0.978181
vt 0.118956 0.978181
vt 0.118956 0.977477
vt 0.123597 0.977477
vt 0.118956 0.976695
vt 0.123597 0.976695
vt 0.427230 0.730807
vt 0.430635 0.730807
vt 0.430635 0.706266
vt 0.429693 0.705798
vt 0.428172 0.706950
vt 0.427230 0.708845
vt 0.710736 0.394242
vt 0.661182 0.394242
vt 0.656907 0.392117
vt 0.654308 0.388685
vt 0.655364 0.386560
vt 0.710736 0.386560
vt 0.173321 0.970905
vt 0.168679 0.970905
vt 0.168678 0.938899
vt 0.173320 0.938899
vt 0.173321 0.981641
vt 0.168679 0.981641
vt 0.168679 0.976728
vt 0.173321 0.976728
vt 0.409555 0.730807
vt 0.413618 0.730807
vt 0.413618 0.707663
vt 0.409555 0.707663
vt 0.363757 0.730807
vt 0.368647 0.730807
vt 0.368647 0.710601
vt 0.363757 0.707663
vt 0.348597 0.730807
vt 0.356167 0.730807
vt 0.347215 0.710601
vt 0.338820 0.709132
vt 0.286156 0.730807
vt 0.291727 0.730807
vt 0.283207 0.710601
vt 0.277055 0.707663
vt 0.330388 0.730807
vt 0.334284 0.730807
vt 0.325989 0.710601
vt 0.321287 0.707663
vt 0.381414 0.730807
vt 0.389727 0.730807
vt 0.389727 0.710601
vt 0.381414 0.709132
vt 0.710736 0.424956
vt 0.658516 0.424956
vt 0.658516 0.396907
vt 0.380291 0.706635
vt 0.388690 0.708101
vt 0.386824 0.703599
vt 0.378269 0.702138
vt 0.319531 0.696267
vt 0.315200 0.695109
vt 0.276749 0.696267
vt 0.272674 0.695109
vt 0.295301 0.706634
vt 0.303644 0.708101
vt 0.301777 0.703598
vt 0.293279 0.702137
vt 0.337697 0.706634
vt 0.346178 0.708101
vt 0.344311 0.703598
vt 0.335675 0.702138
vt 0.362189 0.696267
vt 0.357670 0.695109
vt 0.408092 0.696267
vt 0.403469 0.695109
vt 0.351884 0.707663
vt 0.345798 0.695109
vt 0.354426 0.688417
vt 0.341437 0.686115
vt 0.362067 0.730807
vt 0.394345 0.707663
vt 0.388259 0.695109
vt 0.394345 0.730807
vt 0.400283 0.688537
vt 0.383898 0.686115
vt 0.309413 0.707663
vt 0.303327 0.695109
vt 0.320014 0.730807
vt 0.311969 0.688445
vt 0.298966 0.686115
vt 0.263653 0.707663
vt 0.263653 0.695109
vt 0.263653 0.730807
vt 0.268679 0.687712
vt 0.263653 0.686115
vt 0.710736 0.434122
vt 0.658516 0.434122
vt 0.710736 0.537457
vt 0.658516 0.537457
vt 0.665145 0.526423
vt 0.710736 0.526423
vt 0.710736 0.571662
vt 0.661302 0.596742
vt 0.665145 0.574781
vt 0.710736 0.554581
vt 0.710736 0.667894
vt 0.661302 0.692352
vt 0.665145 0.670751
vt 0.710736 0.650216
vt 0.710736 0.712548
vt 0.658516 0.733083
vt 0.665145 0.719201
vt 0.710736 0.699977
vt 0.710736 0.612747
vt 0.658516 0.633282
vt 0.665145 0.622673
vt 0.710736 0.603957
vt 0.710736 0.497617
vt 0.661302 0.500608
vt 0.665145 0.478860
vt 0.710736 0.478860
vt 0.391663 0.220748
vt 0.394534 0.220748
vt 0.394534 0.234214
vt 0.391664 0.234214
vt 0.630191 0.647016
vt 0.632803 0.637245
vt 0.630191 0.742967
vt 0.632803 0.733773
vt 0.168677 0.749854
vt 0.165966 0.749854
vt 0.165966 0.737305
vt 0.168677 0.737305
vt 0.394534 0.261415
vt 0.391663 0.261415
vt 0.630191 0.551190
vt 0.632803 0.540995
vt 0.630191 0.447855
vt 0.632803 0.437423
vt 0.658516 0.564245
vt 0.630191 0.577978
vt 0.609898 0.587817
vt 0.615091 0.558512
vt 0.710736 0.541271
vt 0.658516 0.468441
vt 0.630191 0.482174
vt 0.710736 0.468441
vt 0.609898 0.492013
vt 0.615363 0.455044
vt 0.658516 0.660072
vt 0.630191 0.673805
vt 0.710736 0.636154
vt 0.609898 0.683644
vt 0.615154 0.654306
vt 0.658516 0.763322
vt 0.630191 0.763322
vt 0.710736 0.763322
vt 0.609898 0.763322
vt 0.613500 0.751981
vt 0.173321 0.047890
vt 0.168679 0.047890
vt 0.168679 0.026244
vt 0.173321 0.026244
vt 0.173319 0.156308
vt 0.168678 0.152766
vt 0.168678 0.134106
vt 0.173320 0.134106
vt 0.426049 0.707663
vt 0.173319 0.618410
vt 0.168677 0.618410
vt 0.168677 0.606400
vt 0.173319 0.606400
vt 0.288168 0.707663
vt 0.298595 0.730807
vt 0.173319 0.435363
vt 0.168677 0.431766
vt 0.168677 0.412811
vt 0.173319 0.412812
vt 0.173319 0.587251
vt 0.168677 0.587251
vt 0.168677 0.553290
vt 0.173319 0.553290
vt 0.168677 0.527556
vt 0.173318 0.527556
vt 0.173320 0.906289
vt 0.168678 0.906289
vt 0.168678 0.894018
vt 0.173320 0.894018
vt 0.173319 0.806835
vt 0.168677 0.806835
vt 0.168677 0.770914
vt 0.173319 0.770914
vt 0.377945 0.131905
vt 0.382860 0.131905
vt 0.382860 0.194990
vt 0.377945 0.194990
vt 0.377945 0.073170
vt 0.382860 0.073170
vt 0.382860 0.097686
vt 0.377945 0.097686
vt 0.173319 0.658888
vt 0.168677 0.658888
vt 0.168678 0.875213
vt 0.173320 0.875213
vt 0.168677 0.491635
vt 0.173319 0.491635
vt 0.173319 0.399959
vt 0.168677 0.399959
vt 0.168677 0.392821
vt 0.173319 0.392821
vt 0.173319 0.308031
vt 0.168677 0.308031
vt 0.168677 0.274021
vt 0.173319 0.274021
vt 0.173319 0.338642
vt 0.168677 0.338642
vt 0.168677 0.327101
vt 0.173319 0.327101
vt 0.173319 0.470463
vt 0.168677 0.470463
vt 0.168677 0.457914
vt 0.173319 0.457914
vt 0.173319 0.248287
vt 0.168677 0.248287
vt 0.168677 0.212367
vt 0.173319 0.212367
vt 0.173320 0.121254
vt 0.168678 0.121254
vt 0.168678 0.114116
vt 0.173320 0.114116
vt 0.168679 0.012667
vt 0.173321 0.012667
vt 0.173319 0.191057
vt 0.168677 0.191057
vt 0.168678 0.178509
vt 0.173319 0.178509
vt 0.173320 0.099274
vt 0.168678 0.099274
vt 0.168679 0.058796
vt 0.173321 0.058796
vt 0.168678 0.832569
vt 0.173319 0.832569
vt 0.173319 0.379120
vt 0.168677 0.379120
vt 0.173319 0.749854
vt 0.173319 0.737305
vt 0.173319 0.679763
vt 0.168677 0.679763
vt 0.168677 0.672626
vt 0.173319 0.672626
vt 0.173319 0.714961
vt 0.168677 0.711397
vt 0.168677 0.692616
vt 0.173319 0.692616
vt 0.599895 0.168518
vt 0.603013 0.168518
vt 0.603013 0.243394
vt 0.599895 0.243394
vt 0.373101 0.707663
vt 0.373101 0.730807
vt 0.658516 0.516373
vt 0.710736 0.516373
vt 0.168677 0.756823
vt 0.173319 0.756823
vt 0.459188 0.093642
vt 0.472327 0.102341
vt 0.447763 0.162178
vt 0.427796 0.162178
vt 0.287829 0.316811
vt 0.300730 0.308803
vt 0.275922 0.253726
vt 0.258935 0.253726
vt 0.352778 0.173830
vt 0.339258 0.181837
vt 0.312151 0.118753
vt 0.329555 0.118753
vt 0.471777 0.515289
vt 0.457949 0.523989
vt 0.427796 0.455452
vt 0.445265 0.455452
vt 0.541759 0.472754
vt 0.544877 0.472754
vt 0.544877 0.547350
vt 0.541759 0.547350
vt 0.474628 0.514026
vt 0.448117 0.454189
vt 0.355423 0.172715
vt 0.332199 0.117637
vt 0.652888 0.710739
vt 0.642753 0.715653
vt 0.645523 0.699536
vt 0.655668 0.694917
vt 0.710736 0.685572
vt 0.658516 0.708010
vt 0.286958 0.705168
vt 0.284780 0.700676
vt 0.652888 0.615391
vt 0.642753 0.620304
vt 0.645523 0.603927
vt 0.655668 0.599308
vt 0.710736 0.588743
vt 0.658516 0.612662
vt 0.329217 0.705169
vt 0.327039 0.700676
vt 0.341027 0.730807
vt 0.330426 0.707663
vt 0.652888 0.519102
vt 0.642753 0.524016
vt 0.645523 0.507792
vt 0.655668 0.503174
vt 0.371892 0.705168
vt 0.369714 0.700677
vt 0.296424 0.709132
vt 0.173319 0.198026
vt 0.168677 0.198026
vt 0.659503 0.673090
vt 0.304681 0.710601
vt 0.173319 0.477431
vt 0.168677 0.477431
vt 0.659503 0.577120
vt 0.659503 0.481200
vt 0.655668 0.503174
vt 0.645523 0.507792
vt 0.649345 0.485412
vt 0.659503 0.481200
vt 0.655668 0.694917
vt 0.645523 0.699536
vt 0.649345 0.677302
vt 0.659503 0.673090
vt 0.655668 0.599308
vt 0.645523 0.603927
vt 0.649345 0.581333
vt 0.659503 0.577120
vt 0.165966 0.191057
vt 0.165966 0.178509
vt 0.339435 0.920169
vt 0.339435 0.918485
vt 0.347337 0.918485
vt 0.347337 0.920169
vt 0.165966 0.457914
vt 0.165966 0.431766
vt 0.165966 0.470463
vt 0.165967 0.152766
vt 0.347337 0.825157
vt 0.347337 0.826841
vt 0.339435 0.826841
vt 0.339435 0.825157
vt 0.355145 0.966438
vt 0.355145 0.968122
vt 0.339435 0.968122
vt 0.339435 0.966438
vt 0.165966 0.711397
vt 0.228646 0.861887
vt 0.231358 0.861887
vt 0.231358 0.887340
vt 0.228646 0.887340
vt 0.430635 0.705502
vt 0.653641 0.386560
vt 0.427160 0.707454
vt 0.658045 0.394400
vt 0.168679 0.984182
vt 0.173321 0.984182
vt 0.168679 0.973817
vt 0.173321 0.973817
vt 0.165966 0.477431
vt 0.165966 0.491635
vt 0.313782 0.730807
vt 0.587212 0.244405
vt 0.587212 0.169021
vt 0.590330 0.169021
vt 0.590330 0.244405
vt 0.303347 0.307625
vt 0.278539 0.252547
vt 0.165966 0.198026
vt 0.165966 0.212367
vt 0.165967 0.114116
vt 0.165967 0.099274
vt 0.475212 0.103526
vt 0.450648 0.163363
vt 0.394534 0.073170
vt 0.394534 0.142559
vt 0.391664 0.142559
vt 0.391664 0.073170
vt 0.165966 0.392821
vt 0.165966 0.379120
vt 0.434040 0.730807
vt 0.430635 0.750725
vt 0.430919 0.751552
vt 0.432500 0.753586
vt 0.432808 0.753489
vt 0.710736 0.378877
vt 0.761914 0.381656
vt 0.762132 0.382352
vt 0.757543 0.385920
vt 0.755678 0.386560
vt 0.413618 0.753951
vt 0.428025 0.753951
vt 0.428462 0.753489
vt 0.428770 0.753586
vt 0.430352 0.751552
vt 0.409555 0.753951
vt 0.363757 0.753950
vt 0.368647 0.751013
vt 0.338820 0.752482
vt 0.347215 0.751013
vt 0.277055 0.753950
vt 0.283207 0.751013
vt 0.321287 0.753950
vt 0.325989 0.751013
vt 0.381414 0.752482
vt 0.389727 0.751013
vt 0.110640 0.975994
vt 0.105998 0.975994
vt 0.105998 0.938900
vt 0.110639 0.938900
vt 0.380291 0.754979
vt 0.378269 0.759476
vt 0.386824 0.758015
vt 0.388690 0.753513
vt 0.315200 0.766504
vt 0.319531 0.765347
vt 0.272674 0.766504
vt 0.276749 0.765347
vt 0.295301 0.754979
vt 0.293279 0.759476
vt 0.301777 0.758015
vt 0.303644 0.753513
vt 0.337697 0.754979
vt 0.335675 0.759476
vt 0.344311 0.758015
vt 0.346178 0.753513
vt 0.357670 0.766504
vt 0.362189 0.765347
vt 0.403469 0.766504
vt 0.408092 0.765347
vt 0.351884 0.753950
vt 0.345798 0.766504
vt 0.341437 0.775498
vt 0.354425 0.773197
vt 0.394345 0.753951
vt 0.388259 0.766504
vt 0.383898 0.775498
vt 0.400282 0.773076
vt 0.309413 0.753950
vt 0.303327 0.766504
vt 0.298966 0.775498
vt 0.311969 0.773169
vt 0.263653 0.753950
vt 0.263653 0.766504
vt 0.263653 0.775498
vt 0.268679 0.773902
vt 0.762955 0.424956
vt 0.762955 0.434122
vt 0.756327 0.526423
vt 0.762955 0.537457
vt 0.756327 0.574781
vt 0.760169 0.596742
vt 0.756327 0.670751
vt 0.760169 0.692352
vt 0.756327 0.719201
vt 0.762955 0.733083
vt 0.756327 0.622673
vt 0.762955 0.633282
vt 0.756327 0.478860
vt 0.760169 0.500608
vt 0.406044 0.473193
vt 0.406044 0.486659
vt 0.403174 0.486659
vt 0.403174 0.473193
vt 0.788668 0.637245
vt 0.791280 0.647016
vt 0.788668 0.733773
vt 0.791280 0.742967
vt 0.154938 0.749857
vt 0.154938 0.737308
vt 0.157649 0.737308
vt 0.157649 0.749857
vt 0.406044 0.513861
vt 0.403174 0.513861
vt 0.788668 0.540995
vt 0.791280 0.551190
vt 0.788668 0.437423
vt 0.791280 0.447855
vt 0.762955 0.564245
vt 0.791280 0.577978
vt 0.806380 0.558512
vt 0.811573 0.587817
vt 0.762955 0.468441
vt 0.791280 0.482174
vt 0.806109 0.455044
vt 0.811573 0.492013
vt 0.762955 0.660072
vt 0.791280 0.673805
vt 0.806318 0.654306
vt 0.811573 0.683644
vt 0.762955 0.763322
vt 0.791280 0.763322
vt 0.807971 0.751981
vt 0.811573 0.763322
vt 0.150297 0.047891
vt 0.150297 0.026245
vt 0.154938 0.026245
vt 0.154938 0.047891
vt 0.150297 0.156311
vt 0.150297 0.134109
vt 0.154938 0.134109
vt 0.154938 0.152769
vt 0.761914 0.391463
vt 0.762955 0.392448
vt 0.150297 0.618413
vt 0.150297 0.606403
vt 0.154939 0.606403
vt 0.154938 0.618413
vt 0.288167 0.753950
vt 0.150297 0.435367
vt 0.150297 0.412816
vt 0.154939 0.412815
vt 0.154939 0.431770
vt 0.150297 0.587254
vt 0.150297 0.553293
vt 0.154939 0.553293
vt 0.154939 0.587254
vt 0.150297 0.527559
vt 0.154939 0.527559
vt 0.150297 0.906290
vt 0.150297 0.894019
vt 0.154938 0.894019
vt 0.154938 0.906290
vt 0.150297 0.938898
vt 0.154939 0.938898
vt 0.150297 0.806837
vt 0.150297 0.770917
vt 0.154938 0.770917
vt 0.154938 0.806837
vt 0.377945 0.258075
vt 0.382860 0.258075
vt 0.377945 0.316809
vt 0.377945 0.292294
vt 0.382860 0.292294
vt 0.382860 0.316809
vt 0.150297 0.658891
vt 0.154938 0.658891
vt 0.150297 0.875214
vt 0.154938 0.875214
vt 0.150297 0.491638
vt 0.154939 0.491638
vt 0.150297 0.399963
vt 0.150297 0.392825
vt 0.154939 0.392825
vt 0.154939 0.399963
vt 0.150297 0.308036
vt 0.150297 0.274026
vt 0.154938 0.274026
vt 0.154938 0.308036
vt 0.150297 0.338647
vt 0.150297 0.327106
vt 0.154938 0.327106
vt 0.154938 0.338647
vt 0.150297 0.470466
vt 0.150297 0.457918
vt 0.154938 0.457918
vt 0.154938 0.470466
vt 0.150297 0.248292
vt 0.150297 0.212371
vt 0.154938 0.212371
vt 0.154938 0.248292
vt 0.150297 0.121256
vt 0.150297 0.114118
vt 0.154938 0.114118
vt 0.154938 0.121256
vt 0.150297 0.012667
vt 0.154938 0.012667
vt 0.150297 0.191061
vt 0.150297 0.178512
vt 0.154938 0.178512
vt 0.154938 0.191061
vt 0.150297 0.099276
vt 0.150297 0.058798
vt 0.154938 0.058798
vt 0.154938 0.099276
vt 0.150297 0.832571
vt 0.154938 0.832571
vt 0.150297 0.379124
vt 0.154939 0.379124
vt 0.150297 0.749857
vt 0.150297 0.737308
vt 0.150297 0.679766
vt 0.150297 0.672629
vt 0.154938 0.672629
vt 0.154938 0.679766
vt 0.150297 0.714964
vt 0.150297 0.692620
vt 0.154938 0.692620
vt 0.154938 0.711400
vt 0.599895 0.093642
vt 0.603013 0.093642
vt 0.373101 0.753951
vt 0.762955 0.516373
vt 0.150297 0.756825
vt 0.154938 0.756825
vt 0.459188 0.230714
vt 0.472328 0.222015
vt 0.287829 0.190641
vt 0.300730 0.198649
vt 0.352778 0.063675
vt 0.339258 0.055668
vt 0.471777 0.395616
vt 0.457949 0.386917
vt 0.541758 0.398155
vt 0.544877 0.398155
vt 0.474628 0.396879
vt 0.448116 0.456715
vt 0.355423 0.064790
vt 0.332199 0.119868
vt 0.768583 0.710739
vt 0.765803 0.694917
vt 0.775948 0.699536
vt 0.778719 0.715653
vt 0.762955 0.708010
vt 0.286958 0.756445
vt 0.284780 0.760937
vt 0.768583 0.615391
vt 0.765803 0.599308
vt 0.775948 0.603927
vt 0.778719 0.620304
vt 0.762955 0.612662
vt 0.329217 0.756445
vt 0.327039 0.760937
vt 0.330426 0.753950
vt 0.768583 0.519102
vt 0.765803 0.503174
vt 0.775948 0.507792
vt 0.778719 0.524016
vt 0.371892 0.756445
vt 0.369714 0.760937
vt 0.296424 0.752482
vt 0.150297 0.198030
vt 0.154938 0.198030
vt 0.761968 0.673090
vt 0.304681 0.751013
vt 0.150297 0.477435
vt 0.154938 0.477435
vt 0.761968 0.577120
vt 0.761968 0.481200
vt 0.765803 0.503174
vt 0.761968 0.481200
vt 0.772126 0.485412
vt 0.775948 0.507792
vt 0.765803 0.694917
vt 0.761968 0.673090
vt 0.772126 0.677302
vt 0.775948 0.699536
vt 0.765803 0.599308
vt 0.761968 0.577120
vt 0.772126 0.581333
vt 0.775948 0.603927
vt 0.157650 0.178513
vt 0.157650 0.191061
vt 0.339435 0.897934
vt 0.347337 0.897934
vt 0.347337 0.899618
vt 0.339435 0.899618
vt 0.157650 0.431770
vt 0.157650 0.457918
vt 0.157650 0.470466
vt 0.157650 0.152769
vt 0.339435 0.911635
vt 0.347337 0.911635
vt 0.347337 0.913319
vt 0.339435 0.913319
vt 0.339435 0.932186
vt 0.355145 0.932186
vt 0.355145 0.933870
vt 0.339435 0.933870
vt 0.157650 0.711400
vt 0.403338 0.310887
vt 0.403338 0.283940
vt 0.406208 0.283940
vt 0.406208 0.310887
vt 0.157650 0.477435
vt 0.157650 0.491638
vt 0.587212 0.093642
vt 0.590330 0.093642
vt 0.303347 0.199828
vt 0.278539 0.254905
vt 0.157649 0.198029
vt 0.157649 0.212371
vt 0.157649 0.114118
vt 0.157650 0.099276
vt 0.475212 0.220831
vt 0.450648 0.160994
vt 0.394534 0.211944
vt 0.391664 0.211944
vt 0.157650 0.392825
vt 0.157650 0.379124
vt 0.434040 0.708845
vt 0.433098 0.706950
vt 0.431577 0.705798
vt 0.654308 0.384435
vt 0.656907 0.381002
vt 0.661182 0.378877
vt 0.204660 0.970904
vt 0.204660 0.938898
vt 0.200018 0.938898
vt 0.200018 0.970904
vt 0.204660 0.981639
vt 0.204660 0.976726
vt 0.200018 0.976726
vt 0.200018 0.981639
vt 0.451715 0.730807
vt 0.451715 0.707663
vt 0.447652 0.707663
vt 0.447653 0.730807
vt 0.497513 0.730807
vt 0.497513 0.707663
vt 0.492623 0.710601
vt 0.492623 0.730807
vt 0.512673 0.730807
vt 0.522450 0.709132
vt 0.514056 0.710601
vt 0.505103 0.730807
vt 0.575114 0.730807
vt 0.584215 0.707663
vt 0.578063 0.710601
vt 0.569543 0.730807
vt 0.530882 0.730807
vt 0.539983 0.707663
vt 0.535281 0.710601
vt 0.526986 0.730807
vt 0.479856 0.730807
vt 0.479856 0.709132
vt 0.471543 0.710601
vt 0.471543 0.730807
vt 0.710736 0.348163
vt 0.658516 0.376212
vt 0.658516 0.348163
vt 0.480979 0.706634
vt 0.483001 0.702137
vt 0.474447 0.703598
vt 0.472580 0.708100
vt 0.546070 0.695109
vt 0.541740 0.696267
vt 0.588596 0.695109
vt 0.584521 0.696267
vt 0.565969 0.706635
vt 0.567991 0.702137
vt 0.559493 0.703598
vt 0.557626 0.708100
vt 0.523573 0.706634
vt 0.525595 0.702137
vt 0.516959 0.703598
vt 0.515092 0.708100
vt 0.503600 0.695109
vt 0.499081 0.696267
vt 0.457801 0.695109
vt 0.453178 0.696267
vt 0.509386 0.707663
vt 0.515473 0.695109
vt 0.519833 0.686115
vt 0.506845 0.688417
vt 0.499204 0.730807
vt 0.466925 0.707663
vt 0.473012 0.695109
vt 0.466925 0.730807
vt 0.477372 0.686115
vt 0.460988 0.688537
vt 0.551857 0.707663
vt 0.557943 0.695109
vt 0.541256 0.730807
vt 0.562304 0.686115
vt 0.549301 0.688445
vt 0.597617 0.707663
vt 0.597617 0.695109
vt 0.597617 0.730807
vt 0.597617 0.686115
vt 0.592591 0.687711
vt 0.710736 0.338997
vt 0.658516 0.338997
vt 0.710736 0.235662
vt 0.710736 0.246696
vt 0.665145 0.246696
vt 0.658516 0.235662
vt 0.710736 0.201457
vt 0.710736 0.218538
vt 0.665145 0.198338
vt 0.661302 0.176377
vt 0.710736 0.105225
vt 0.710736 0.122903
vt 0.665145 0.102368
vt 0.661302 0.080767
vt 0.710736 0.060571
vt 0.710736 0.073142
vt 0.665145 0.053918
vt 0.658516 0.040036
vt 0.710736 0.160372
vt 0.710736 0.169162
vt 0.665145 0.150446
vt 0.658516 0.139837
vt 0.710736 0.275502
vt 0.710736 0.294259
vt 0.665145 0.294259
vt 0.661302 0.272511
vt 0.391664 0.310887
vt 0.391664 0.297421
vt 0.394534 0.297421
vt 0.394534 0.310887
vt 0.632803 0.135874
vt 0.630191 0.126104
vt 0.632803 0.039346
vt 0.630191 0.030152
vt 0.200018 0.749858
vt 0.200018 0.737309
vt 0.197307 0.737309
vt 0.197307 0.749858
vt 0.391664 0.270219
vt 0.394534 0.270219
vt 0.632803 0.232124
vt 0.630191 0.221929
vt 0.632803 0.335696
vt 0.630191 0.325264
vt 0.658516 0.208874
vt 0.630191 0.195141
vt 0.615091 0.214608
vt 0.609898 0.185302
vt 0.710736 0.231848
vt 0.658516 0.304678
vt 0.630191 0.290945
vt 0.710736 0.304678
vt 0.615363 0.318075
vt 0.609898 0.281106
vt 0.658516 0.113047
vt 0.630191 0.099314
vt 0.710736 0.136965
vt 0.615154 0.118813
vt 0.609898 0.089475
vt 0.658516 0.009797
vt 0.630191 0.009797
vt 0.710736 0.009797
vt 0.613500 0.021138
vt 0.609898 0.009797
vt 0.204661 0.047891
vt 0.204661 0.026245
vt 0.200019 0.026245
vt 0.200019 0.047891
vt 0.204660 0.156311
vt 0.204660 0.134109
vt 0.200019 0.134109
vt 0.200019 0.152770
vt 0.435221 0.707663
vt 0.204660 0.618415
vt 0.204660 0.606405
vt 0.200019 0.606405
vt 0.200019 0.618415
vt 0.573103 0.707663
vt 0.562676 0.730807
vt 0.204661 0.435369
vt 0.204661 0.412818
vt 0.200019 0.412818
vt 0.200019 0.431772
vt 0.204660 0.587256
vt 0.204660 0.553295
vt 0.200019 0.553295
vt 0.200019 0.587256
vt 0.204660 0.527561
vt 0.200019 0.527561
vt 0.204660 0.906290
vt 0.204660 0.894019
vt 0.200018 0.894019
vt 0.200018 0.906290
vt 0.204660 0.806838
vt 0.204660 0.770918
vt 0.200018 0.770918
vt 0.200018 0.806838
vt 0.364063 0.510521
vt 0.364063 0.447436
vt 0.368977 0.447436
vt 0.368977 0.510521
vt 0.364063 0.569255
vt 0.364063 0.544740
vt 0.368977 0.544740
vt 0.368977 0.569255
vt 0.204660 0.658893
vt 0.200019 0.658893
vt 0.204660 0.875214
vt 0.200018 0.875214
vt 0.204660 0.491641
vt 0.200019 0.491641
vt 0.204661 0.399965
vt 0.204661 0.392827
vt 0.200019 0.392827
vt 0.200019 0.399965
vt 0.204661 0.308038
vt 0.204661 0.274028
vt 0.200019 0.274028
vt 0.200019 0.308038
vt 0.204661 0.338649
vt 0.204661 0.327108
vt 0.200019 0.327108
vt 0.200019 0.338649
vt 0.204661 0.470468
vt 0.204661 0.457920
vt 0.200019 0.457920
vt 0.200019 0.470468
vt 0.204660 0.248293
vt 0.204660 0.212372
vt 0.200018 0.212372
vt 0.200019 0.248293
vt 0.204661 0.121256
vt 0.204661 0.114118
vt 0.200019 0.114118
vt 0.200019 0.121256
vt 0.204661 0.012667
vt 0.200019 0.012667
vt 0.204660 0.191062
vt 0.204660 0.178513
vt 0.200018 0.178513
vt 0.200018 0.191062
vt 0.204661 0.099276
vt 0.204661 0.058798
vt 0.200019 0.058798
vt 0.200019 0.099276
vt 0.204660 0.832572
vt 0.200018 0.832572
vt 0.204661 0.379127
vt 0.200019 0.379127
vt 0.204660 0.749858
vt 0.204660 0.737309
vt 0.204660 0.679768
vt 0.204660 0.672630
vt 0.200019 0.672630
vt 0.200018 0.679768
vt 0.204660 0.714965
vt 0.204660 0.692621
vt 0.200018 0.692621
vt 0.200018 0.711401
vt 0.414849 0.394536
vt 0.414849 0.325615
vt 0.417719 0.325615
vt 0.417719 0.394536
vt 0.488169 0.707663
vt 0.488169 0.730807
vt 0.710736 0.256746
vt 0.658516 0.256746
vt 0.204660 0.756826
vt 0.200018 0.756826
vt 0.516169 0.377352
vt 0.484777 0.308815
vt 0.504744 0.308815
vt 0.529309 0.368652
vt 0.287829 0.586758
vt 0.258935 0.523673
vt 0.275922 0.523673
vt 0.300730 0.578751
vt 0.574513 0.099083
vt 0.560735 0.164987
vt 0.541758 0.164987
vt 0.560242 0.093642
vt 0.352634 0.468596
vt 0.328231 0.523673
vt 0.312151 0.523673
vt 0.339906 0.460589
vt 0.599895 0.328569
vt 0.599895 0.253970
vt 0.603014 0.253970
vt 0.603014 0.328569
vt 0.355259 0.469759
vt 0.330856 0.524836
vt 0.577647 0.099738
vt 0.564019 0.164987
vt 0.652888 0.062380
vt 0.655668 0.078202
vt 0.645523 0.073583
vt 0.642753 0.057467
vt 0.710736 0.087547
vt 0.658516 0.065109
vt 0.574312 0.705168
vt 0.576490 0.700676
vt 0.652888 0.157729
vt 0.655668 0.173812
vt 0.645523 0.169193
vt 0.642753 0.152815
vt 0.710736 0.184376
vt 0.658516 0.160457
vt 0.532054 0.705168
vt 0.534232 0.700676
vt 0.520244 0.730807
vt 0.530844 0.707663
vt 0.652888 0.254017
vt 0.655668 0.269946
vt 0.645523 0.265327
vt 0.642753 0.249103
vt 0.489378 0.705168
vt 0.491556 0.700676
vt 0.564846 0.709132
vt 0.204660 0.198030
vt 0.200018 0.198030
vt 0.659503 0.100029
vt 0.556590 0.710601
vt 0.204661 0.477437
vt 0.200019 0.477437
vt 0.659503 0.195999
vt 0.659503 0.291920
vt 0.655668 0.269946
vt 0.659503 0.291920
vt 0.649345 0.287708
vt 0.645523 0.265327
vt 0.655668 0.078202
vt 0.659503 0.100029
vt 0.649345 0.095817
vt 0.645523 0.073583
vt 0.655668 0.173812
vt 0.659503 0.195999
vt 0.649345 0.191787
vt 0.645523 0.169193
vt 0.197307 0.178513
vt 0.197307 0.191062
vt 0.347337 0.813140
vt 0.339435 0.813140
vt 0.339435 0.811456
vt 0.347337 0.811456
vt 0.197308 0.431772
vt 0.197308 0.457920
vt 0.197308 0.470468
vt 0.197307 0.152770
vt 0.347337 0.861093
vt 0.339435 0.861093
vt 0.339435 0.859409
vt 0.347337 0.859409
vt 0.590330 0.490968
vt 0.590330 0.520055
vt 0.587212 0.520055
vt 0.587212 0.490968
vt 0.197307 0.711401
vt 0.590330 0.452127
vt 0.590330 0.481403
vt 0.587212 0.481403
vt 0.587212 0.452127
vt 0.434110 0.707454
vt 0.658045 0.378719
vt 0.200018 0.984180
vt 0.204660 0.984180
vt 0.204660 0.973815
vt 0.200018 0.973815
vt 0.197308 0.477437
vt 0.197308 0.491641
vt 0.547488 0.730807
vt 0.090196 0.729792
vt 0.092907 0.729792
vt 0.092907 0.795331
vt 0.090196 0.795331
vt 0.303347 0.577572
vt 0.278539 0.522495
vt 0.197307 0.198030
vt 0.197307 0.212372
vt 0.197308 0.114118
vt 0.197308 0.099276
vt 0.532194 0.367468
vt 0.507629 0.307631
vt 0.406208 0.211944
vt 0.403338 0.211944
vt 0.403338 0.142559
vt 0.406208 0.142559
vt 0.197308 0.392827
vt 0.197308 0.379127
vt 0.757543 0.387199
vt 0.762132 0.390767
vt 0.150297 0.975992
vt 0.154939 0.975992
vt 0.433245 0.753951
vt 0.447653 0.753951
vt 0.150297 0.984814
vt 0.150297 0.978181
vt 0.154939 0.978181
vt 0.154939 0.984814
vt 0.451715 0.753951
vt 0.492623 0.751013
vt 0.497513 0.753951
vt 0.514056 0.751013
vt 0.522450 0.752482
vt 0.578063 0.751013
vt 0.584215 0.753950
vt 0.535281 0.751013
vt 0.539984 0.753951
vt 0.471543 0.751013
vt 0.479856 0.752482
vt 0.480979 0.754979
vt 0.472580 0.753513
vt 0.474447 0.758015
vt 0.483002 0.759476
vt 0.541740 0.765347
vt 0.546070 0.766504
vt 0.584521 0.765347
vt 0.588596 0.766504
vt 0.565969 0.754979
vt 0.557626 0.753513
vt 0.559493 0.758015
vt 0.567992 0.759476
vt 0.523573 0.754979
vt 0.515092 0.753513
vt 0.516959 0.758015
vt 0.525595 0.759476
vt 0.499081 0.765347
vt 0.503600 0.766504
vt 0.453178 0.765347
vt 0.457801 0.766504
vt 0.509386 0.753951
vt 0.515473 0.766504
vt 0.506845 0.773197
vt 0.519833 0.775498
vt 0.466925 0.753951
vt 0.473012 0.766504
vt 0.460988 0.773076
vt 0.477372 0.775498
vt 0.551857 0.753951
vt 0.557944 0.766504
vt 0.549301 0.773169
vt 0.562304 0.775498
vt 0.597617 0.753950
vt 0.597617 0.766504
vt 0.592591 0.773902
vt 0.597617 0.775498
vt 0.762955 0.338997
vt 0.762955 0.348163
vt 0.762955 0.235662
vt 0.756327 0.246696
vt 0.760169 0.176377
vt 0.756327 0.198338
vt 0.760169 0.080767
vt 0.756327 0.102368
vt 0.762955 0.040036
vt 0.756327 0.053918
vt 0.762955 0.139837
vt 0.756327 0.150446
vt 0.760169 0.272511
vt 0.756327 0.294259
vt 0.394370 0.513861
vt 0.391499 0.513861
vt 0.391499 0.500394
vt 0.394370 0.500394
vt 0.791280 0.126104
vt 0.788668 0.135874
vt 0.791280 0.030152
vt 0.788668 0.039346
vt 0.105997 0.749859
vt 0.103285 0.749859
vt 0.103285 0.737310
vt 0.105997 0.737310
vt 0.391500 0.473193
vt 0.394370 0.473193
vt 0.791280 0.221929
vt 0.788668 0.232124
vt 0.791280 0.325264
vt 0.788668 0.335696
vt 0.762955 0.208874
vt 0.791280 0.195141
vt 0.811573 0.185302
vt 0.806380 0.214608
vt 0.762955 0.304678
vt 0.791280 0.290945
vt 0.811573 0.281106
vt 0.806109 0.318075
vt 0.762955 0.113047
vt 0.791280 0.099314
vt 0.811573 0.089475
vt 0.806318 0.118813
vt 0.762955 0.009797
vt 0.791280 0.009797
vt 0.811573 0.009797
vt 0.807971 0.021138
vt 0.110639 0.047891
vt 0.105998 0.047891
vt 0.105998 0.026245
vt 0.110640 0.026245
vt 0.110638 0.156310
vt 0.105997 0.152769
vt 0.105997 0.134108
vt 0.110639 0.134108
vt 0.762955 0.380671
vt 0.110638 0.618415
vt 0.105996 0.618415
vt 0.105996 0.606405
vt 0.110638 0.606405
vt 0.573103 0.753950
vt 0.110638 0.435368
vt 0.105996 0.431771
vt 0.105996 0.412816
vt 0.110638 0.412816
vt 0.110638 0.587257
vt 0.105996 0.587257
vt 0.105996 0.553295
vt 0.110638 0.553295
vt 0.105996 0.527561
vt 0.110638 0.527561
vt 0.110639 0.906292
vt 0.105998 0.906292
vt 0.105998 0.894020
vt 0.110639 0.894020
vt 0.110639 0.806840
vt 0.105997 0.806840
vt 0.105997 0.770919
vt 0.110638 0.770919
vt 0.364063 0.384350
vt 0.368977 0.384350
vt 0.364063 0.325615
vt 0.368977 0.325615
vt 0.368977 0.350130
vt 0.364063 0.350130
vt 0.110638 0.658893
vt 0.105996 0.658893
vt 0.105997 0.875216
vt 0.110639 0.875216
vt 0.105996 0.491640
vt 0.110638 0.491640
vt 0.110638 0.399963
vt 0.105996 0.399963
vt 0.105996 0.392826
vt 0.110638 0.392826
vt 0.110638 0.308035
vt 0.105996 0.308035
vt 0.105996 0.274025
vt 0.110638 0.274025
vt 0.110638 0.338646
vt 0.105996 0.338646
vt 0.105996 0.327105
vt 0.110638 0.327105
vt 0.110638 0.470468
vt 0.105996 0.470468
vt 0.105996 0.457919
vt 0.110638 0.457919
vt 0.110638 0.248291
vt 0.105996 0.248291
vt 0.105996 0.212370
vt 0.110638 0.212370
vt 0.110639 0.121255
vt 0.105997 0.121255
vt 0.105997 0.114118
vt 0.110639 0.114118
vt 0.105998 0.012667
vt 0.110640 0.012667
vt 0.110638 0.191060
vt 0.105996 0.191060
vt 0.105997 0.178512
vt 0.110638 0.178512
vt 0.110639 0.099275
vt 0.105997 0.099275
vt 0.105998 0.058797
vt 0.110639 0.058798
vt 0.105997 0.832574
vt 0.110639 0.832574
vt 0.110638 0.379125
vt 0.105996 0.379125
vt 0.110638 0.749859
vt 0.110638 0.737310
vt 0.110638 0.679768
vt 0.105996 0.679768
vt 0.105996 0.672631
vt 0.110638 0.672631
vt 0.110638 0.714966
vt 0.105996 0.711402
vt 0.105996 0.692621
vt 0.110638 0.692621
vt 0.417719 0.463458
vt 0.414849 0.463458
vt 0.488169 0.753951
vt 0.762955 0.256746
vt 0.105997 0.756827
vt 0.110638 0.756827
vt 0.516169 0.240279
vt 0.529309 0.248979
vt 0.287829 0.460589
vt 0.300730 0.468596
vt 0.574513 0.230892
vt 0.560242 0.236334
vt 0.352634 0.578751
vt 0.339906 0.586758
vt 0.603014 0.403165
vt 0.599896 0.403165
vt 0.355259 0.577588
vt 0.330856 0.522511
vt 0.577647 0.230238
vt 0.768583 0.062380
vt 0.778719 0.057467
vt 0.775948 0.073583
vt 0.765803 0.078202
vt 0.762955 0.065109
vt 0.574312 0.756445
vt 0.576490 0.760937
vt 0.768583 0.157729
vt 0.778719 0.152815
vt 0.775948 0.169193
vt 0.765803 0.173812
vt 0.762955 0.160457
vt 0.532054 0.756445
vt 0.534232 0.760937
vt 0.530844 0.753951
vt 0.768583 0.254017
vt 0.778719 0.249103
vt 0.775948 0.265327
vt 0.765803 0.269946
vt 0.489378 0.756445
vt 0.491556 0.760937
vt 0.564846 0.752482
vt 0.110638 0.198029
vt 0.105996 0.198029
vt 0.761968 0.100029
vt 0.556590 0.751013
vt 0.110638 0.477436
vt 0.105996 0.477436
vt 0.761968 0.195999
vt 0.761968 0.291920
vt 0.765803 0.269946
vt 0.775948 0.265327
vt 0.772126 0.287708
vt 0.761968 0.291920
vt 0.765803 0.078202
vt 0.775948 0.073583
vt 0.772126 0.095817
vt 0.761968 0.100029
vt 0.765803 0.173812
vt 0.775948 0.169193
vt 0.772126 0.191787
vt 0.761968 0.195999
vt 0.103285 0.191060
vt 0.103285 0.178512
vt 0.339435 0.854243
vt 0.339435 0.852559
vt 0.347337 0.852559
vt 0.347337 0.854243
vt 0.103285 0.457919
vt 0.103285 0.431771
vt 0.103285 0.470468
vt 0.103286 0.152769
vt 0.339435 0.847392
vt 0.339435 0.845708
vt 0.347337 0.845708
vt 0.347337 0.847392
vt 0.355145 0.945887
vt 0.355145 0.947571
vt 0.339435 0.947571
vt 0.339435 0.945887
vt 0.103285 0.711402
vt 0.092907 0.894643
vt 0.090196 0.894643
vt 0.090196 0.869190
vt 0.092907 0.869190
vt 0.103285 0.477436
vt 0.103285 0.491640
vt 0.090196 0.860874
vt 0.092907 0.860874
vt 0.303347 0.469775
vt 0.278539 0.524852
vt 0.103285 0.198028
vt 0.103285 0.212370
vt 0.103286 0.114118
vt 0.103286 0.099275
vt 0.532194 0.250163
vt 0.507629 0.309999
vt 0.406208 0.073170
vt 0.403338 0.073170
vt 0.103285 0.392826
vt 0.103285 0.379125
vt 0.430739 0.751418
vt 0.430531 0.751418
vt 0.079843 0.513066
vt 0.079843 0.515315
vt 0.079517 0.513541
vt 0.757241 0.386794
vt 0.757241 0.386325
vt 0.079517 0.525405
vt 0.079843 0.523631
vt 0.079843 0.525880
vt 0.428567 0.753768
vt 0.428294 0.753902
vt 0.079652 0.452503
vt 0.079517 0.450873
vt 0.080020 0.451903
vt 0.080232 0.451151
vt 0.080232 0.450447
vt 0.432976 0.753902
vt 0.432703 0.753768
vt 0.080232 0.483618
vt 0.079517 0.483192
vt 0.080232 0.482915
vt 0.080020 0.482162
vt 0.079652 0.481562
vt 0.110640 0.984817
vt 0.110640 0.985393
vt 0.105998 0.985393
vt 0.105998 0.984817
vt 0.110640 0.985927
vt 0.105998 0.985927
vt 0.150297 0.985390
vt 0.154939 0.985390
vt 0.154939 0.976695
vt 0.150297 0.976695
vt 0.154939 0.977477
vt 0.150297 0.977477
vt 0.105998 0.978184
vt 0.105998 0.977480
vt 0.110640 0.977480
vt 0.110640 0.978183
vt 0.105998 0.976698
vt 0.110640 0.976698
vt 0.969910 0.977633
vt 0.991425 0.977633
vt 0.991425 0.980471
vt 0.969910 0.980471
vt 0.991425 0.963284
vt 0.969910 0.963284
vt 0.969910 0.957200
vt 0.991425 0.945192
vt 0.969910 0.965369
vt 0.991425 0.965369
vt 0.991425 0.975547
vt 0.969910 0.975547
vt 0.014340 0.550875
vt 0.023222 0.550875
vt 0.023222 0.569206
vt 0.014340 0.569207
vt 0.014339 0.912409
vt 0.023326 0.912409
vt 0.023326 0.997417
vt 0.014339 0.997417
vt 0.014340 0.726969
vt 0.023326 0.726969
vt 0.023326 0.745516
vt 0.014340 0.745516
vt 0.939609 0.977633
vt 0.964237 0.977633
vt 0.964237 0.980471
vt 0.939609 0.980471
vt 0.964237 0.963284
vt 0.939609 0.963284
vt 0.939609 0.945192
vt 0.964237 0.957200
vt 0.939609 0.965369
vt 0.964237 0.965369
vt 0.964237 0.975547
vt 0.939609 0.975547
vt 0.014340 0.485403
vt 0.023222 0.485403
vt 0.023222 0.506386
vt 0.014340 0.506386
vt 0.023326 0.750405
vt 0.014340 0.750405
vt 0.023326 0.771635
vt 0.014340 0.771635
vt 0.890548 0.977633
vt 0.933745 0.977633
vt 0.933745 0.980471
vt 0.890548 0.980471
vt 0.933745 0.963284
vt 0.890548 0.963284
vt 0.890548 0.957200
vt 0.933745 0.945192
vt 0.890548 0.965369
vt 0.933745 0.965369
vt 0.933745 0.975547
vt 0.890548 0.975547
vt 0.014340 0.383485
vt 0.023222 0.383485
vt 0.023222 0.420290
vt 0.014340 0.420290
vt 0.023326 0.776690
vt 0.014340 0.776690
vt 0.023326 0.813927
vt 0.014340 0.813928
vt 0.862787 0.977633
vt 0.884091 0.977633
vt 0.884091 0.980471
vt 0.862787 0.980471
vt 0.884091 0.963284
vt 0.862787 0.963284
vt 0.862787 0.945192
vt 0.884091 0.957200
vt 0.862787 0.965369
vt 0.884091 0.965369
vt 0.884091 0.975547
vt 0.862787 0.975547
vt 0.014340 0.320177
vt 0.023222 0.320177
vt 0.023222 0.338329
vt 0.014340 0.338329
vt 0.023326 0.819493
vt 0.014340 0.819493
vt 0.023326 0.837858
vt 0.014340 0.837858
vt 0.811131 0.977633
vt 0.856134 0.977633
vt 0.856134 0.980471
vt 0.811131 0.980471
vt 0.856134 0.963284
vt 0.811131 0.963284
vt 0.811131 0.957200
vt 0.856134 0.945192
vt 0.811131 0.965369
vt 0.856134 0.965369
vt 0.856134 0.975547
vt 0.811131 0.975547
vt 0.014339 0.216050
vt 0.023221 0.216050
vt 0.023221 0.254393
vt 0.014339 0.254393
vt 0.023326 0.843593
vt 0.014340 0.843593
vt 0.023326 0.882386
vt 0.014339 0.882386
vt 0.784130 0.977633
vt 0.803696 0.977633
vt 0.803696 0.980471
vt 0.784130 0.980471
vt 0.803696 0.963284
vt 0.784130 0.963284
vt 0.784130 0.945192
vt 0.803696 0.957200
vt 0.784130 0.965369
vt 0.803696 0.965369
vt 0.803696 0.975547
vt 0.784130 0.975547
vt 0.014339 0.153389
vt 0.023221 0.153389
vt 0.023221 0.170060
vt 0.014339 0.170060
vt 0.023326 0.888796
vt 0.014339 0.888796
vt 0.014339 0.189887
vt 0.023221 0.189887
vt 0.023221 0.196222
vt 0.014339 0.196222
vt 0.023326 0.905662
vt 0.014339 0.905662
vt 0.677689 0.977633
vt 0.776303 0.977633
vt 0.776303 0.980471
vt 0.677689 0.980471
vt 0.776303 0.963284
vt 0.677689 0.963284
vt 0.677689 0.945192
vt 0.776303 0.945192
vt 0.677689 0.965369
vt 0.776303 0.965369
vt 0.776303 0.975547
vt 0.677689 0.975547
vt 0.430313 0.024375
vt 0.430313 0.005885
vt 0.605219 0.005885
vt 0.605219 0.024375
vt 0.023221 0.201405
vt 0.022504 0.202294
vt 0.023221 0.203183
vt 0.023221 0.211854
vt 0.022504 0.212743
vt 0.023221 0.213631
vt 0.677689 0.816217
vt 0.776303 0.816217
vt 0.776303 0.814131
vt 0.677689 0.814131
vt 0.677689 0.797586
vt 0.776303 0.797586
vt 0.784130 0.816217
vt 0.784130 0.814131
vt 0.784130 0.797586
vt 0.803696 0.816217
vt 0.803696 0.814131
vt 0.803696 0.797586
vt 0.811131 0.816217
vt 0.811131 0.814131
vt 0.811131 0.797586
vt 0.856134 0.816217
vt 0.856134 0.814131
vt 0.856134 0.797586
vt 0.862787 0.816217
vt 0.862787 0.814131
vt 0.862787 0.797586
vt 0.884091 0.816217
vt 0.884091 0.814131
vt 0.884091 0.797586
vt 0.890548 0.816217
vt 0.890548 0.814131
vt 0.890548 0.797586
vt 0.933745 0.816217
vt 0.933745 0.814131
vt 0.933745 0.797586
vt 0.939609 0.816217
vt 0.939609 0.814131
vt 0.939609 0.797586
vt 0.964237 0.816217
vt 0.964237 0.814131
vt 0.964237 0.797586
vt 0.969910 0.816217
vt 0.969910 0.814131
vt 0.969910 0.797586
vt 0.991425 0.816217
vt 0.991425 0.814131
vt 0.991425 0.797586
vt 0.023221 0.086604
vt 0.023221 0.089022
vt 0.022504 0.089911
vt 0.023221 0.090800
vt 0.023221 0.099471
vt 0.022504 0.100360
vt 0.023221 0.101249
vt 0.023221 0.116662
vt 0.014339 0.116662
vt 0.014339 0.086604
vt 0.014339 0.123331
vt 0.023221 0.123331
vt 0.023221 0.256811
vt 0.022505 0.257699
vt 0.023221 0.258588
vt 0.023221 0.267260
vt 0.022505 0.268148
vt 0.023221 0.269037
vt 0.023221 0.284451
vt 0.014340 0.284451
vt 0.014340 0.290119
vt 0.023221 0.290119
vt 0.023222 0.368841
vt 0.022505 0.369730
vt 0.023222 0.370618
vt 0.023222 0.379290
vt 0.022505 0.380178
vt 0.023222 0.381067
vt 0.014340 0.363658
vt 0.023222 0.363658
vt 0.014340 0.358157
vt 0.023222 0.358157
vt 0.023222 0.422708
vt 0.022505 0.423597
vt 0.023222 0.424486
vt 0.023222 0.433157
vt 0.022505 0.434046
vt 0.023222 0.434934
vt 0.023222 0.450348
vt 0.014340 0.450348
vt 0.023222 0.481207
vt 0.022505 0.482096
vt 0.023222 0.482984
vt 0.014340 0.455345
vt 0.023222 0.455344
vt 0.023222 0.470758
vt 0.022505 0.471647
vt 0.023222 0.472536
vt 0.023222 0.508805
vt 0.022505 0.509693
vt 0.023222 0.510582
vt 0.023222 0.519253
vt 0.022505 0.520142
vt 0.023222 0.521031
vt 0.023222 0.526214
vt 0.014340 0.526214
vt 0.014340 0.531047
vt 0.023222 0.531047
vt 0.023222 0.536230
vt 0.022505 0.537119
vt 0.023222 0.538008
vt 0.023222 0.546679
vt 0.022505 0.547568
vt 0.023222 0.548456
vt 0.023222 0.340748
vt 0.022505 0.341636
vt 0.023222 0.342525
vt 0.023222 0.351196
vt 0.022505 0.352085
vt 0.023222 0.352974
vt 0.023222 0.315982
vt 0.022505 0.316870
vt 0.023222 0.317759
vt 0.023222 0.305533
vt 0.022505 0.306422
vt 0.023222 0.307310
vt 0.023221 0.149193
vt 0.022504 0.150082
vt 0.023221 0.150971
vt 0.023221 0.138744
vt 0.022504 0.139633
vt 0.023221 0.140522
vt 0.024371 0.709611
vt 0.022601 0.711808
vt 0.023326 0.712707
vt 0.014340 0.599340
vt 0.023262 0.599290
vt 0.023221 0.172478
vt 0.022504 0.173366
vt 0.023221 0.174255
vt 0.023221 0.182927
vt 0.022504 0.183815
vt 0.023221 0.184704
vt 0.023222 0.571625
vt 0.022506 0.572513
vt 0.023223 0.573402
vt 0.023223 0.582073
vt 0.022507 0.582962
vt 0.023225 0.583849
vt 0.363953 0.977633
vt 0.385468 0.977633
vt 0.385468 0.980471
vt 0.363953 0.980471
vt 0.385468 0.963284
vt 0.363953 0.963284
vt 0.363953 0.945192
vt 0.385468 0.957200
vt 0.385468 0.975547
vt 0.363953 0.975547
vt 0.363953 0.965369
vt 0.385468 0.965369
vt 0.039581 0.178917
vt 0.039581 0.160560
vt 0.048476 0.160560
vt 0.048475 0.178917
vt 0.080699 0.147657
vt 0.080699 0.012667
vt 0.094969 0.012667
vt 0.094969 0.147657
vt 0.080699 0.442131
vt 0.080699 0.412679
vt 0.094969 0.412679
vt 0.094969 0.442131
vt 0.391141 0.977633
vt 0.415769 0.977633
vt 0.415769 0.980471
vt 0.391141 0.980471
vt 0.415769 0.963284
vt 0.391141 0.963284
vt 0.391141 0.957200
vt 0.415769 0.945192
vt 0.415769 0.975547
vt 0.391141 0.975547
vt 0.391141 0.965369
vt 0.415769 0.965369
vt 0.039582 0.244478
vt 0.039581 0.223466
vt 0.048475 0.223466
vt 0.048476 0.244478
vt 0.080699 0.404914
vt 0.094969 0.404914
vt 0.080699 0.371201
vt 0.094969 0.371201
vt 0.421633 0.977633
vt 0.464830 0.977633
vt 0.464830 0.980471
vt 0.421633 0.980471
vt 0.464830 0.963284
vt 0.421633 0.963284
vt 0.421633 0.945192
vt 0.464830 0.957200
vt 0.464830 0.975547
vt 0.421633 0.975547
vt 0.421633 0.965369
vt 0.464830 0.965369
vt 0.039582 0.346535
vt 0.039582 0.309680
vt 0.048476 0.309680
vt 0.048476 0.346535
vt 0.080699 0.363174
vt 0.094969 0.363174
vt 0.080699 0.304043
vt 0.094969 0.304043
vt 0.471286 0.977633
vt 0.492591 0.977633
vt 0.492591 0.980471
vt 0.471286 0.980471
vt 0.492591 0.963284
vt 0.471286 0.963284
vt 0.471286 0.957200
vt 0.492591 0.945192
vt 0.492591 0.975547
vt 0.471286 0.975547
vt 0.471286 0.965369
vt 0.492591 0.965369
vt 0.039582 0.409929
vt 0.039582 0.391752
vt 0.048476 0.391752
vt 0.048476 0.409929
vt 0.080699 0.295205
vt 0.094969 0.295205
vt 0.080699 0.266042
vt 0.094969 0.266042
vt 0.499244 0.977633
vt 0.544246 0.977633
vt 0.544246 0.980471
vt 0.499244 0.980471
vt 0.544246 0.963284
vt 0.499244 0.963284
vt 0.499244 0.945192
vt 0.544246 0.957200
vt 0.544246 0.975547
vt 0.499244 0.975547
vt 0.499244 0.965369
vt 0.544246 0.965369
vt 0.039582 0.514199
vt 0.039582 0.475804
vt 0.048476 0.475804
vt 0.048476 0.514199
vt 0.080699 0.256935
vt 0.094969 0.256935
vt 0.080699 0.195332
vt 0.094969 0.195332
vt 0.551681 0.977633
vt 0.571248 0.977633
vt 0.571248 0.980471
vt 0.551681 0.980471
vt 0.571248 0.963284
vt 0.551681 0.963284
vt 0.551681 0.957200
vt 0.571248 0.945192
vt 0.571248 0.975547
vt 0.551681 0.975547
vt 0.551681 0.965369
vt 0.571248 0.965369
vt 0.039582 0.576946
vt 0.039582 0.560252
vt 0.048476 0.560252
vt 0.048476 0.576946
vt 0.080699 0.185154
vt 0.094969 0.185154
vt 0.039582 0.540398
vt 0.039582 0.534054
vt 0.048476 0.534054
vt 0.048476 0.540398
vt 0.080699 0.158371
vt 0.094969 0.158370
vt 0.579074 0.977633
vt 0.579074 0.980471
vt 0.579074 0.963284
vt 0.579074 0.945192
vt 0.579074 0.965369
vt 0.579074 0.975547
vt 0.255406 0.024375
vt 0.255406 0.005885
vt 0.048476 0.516621
vt 0.047758 0.517511
vt 0.048476 0.518401
vt 0.048476 0.527084
vt 0.047758 0.527974
vt 0.048476 0.528864
vt 0.579074 0.816217
vt 0.579074 0.814131
vt 0.579074 0.797586
vt 0.571248 0.816217
vt 0.571248 0.814131
vt 0.571248 0.797586
vt 0.551681 0.816217
vt 0.551681 0.814131
vt 0.551681 0.797586
vt 0.544246 0.816217
vt 0.544246 0.814131
vt 0.544246 0.797586
vt 0.499244 0.816217
vt 0.499244 0.814131
vt 0.499244 0.797586
vt 0.492591 0.816217
vt 0.492591 0.814131
vt 0.492591 0.797586
vt 0.471286 0.816217
vt 0.471286 0.814131
vt 0.471286 0.797586
vt 0.464830 0.816217
vt 0.464830 0.814131
vt 0.464830 0.797586
vt 0.421633 0.816217
vt 0.421633 0.814131
vt 0.421633 0.797586
vt 0.415769 0.816217
vt 0.415769 0.814131
vt 0.415769 0.797586
vt 0.391141 0.816217
vt 0.391141 0.814131
vt 0.391141 0.797586
vt 0.385468 0.816217
vt 0.385468 0.814131
vt 0.385468 0.797586
vt 0.363953 0.816217
vt 0.363953 0.814131
vt 0.363953 0.797586
vt 0.047759 0.630048
vt 0.048476 0.630938
vt 0.048476 0.639621
vt 0.047759 0.640511
vt 0.048476 0.641401
vt 0.048476 0.643822
vt 0.039582 0.643822
vt 0.039582 0.613723
vt 0.048476 0.613723
vt 0.048476 0.629158
vt 0.039582 0.607046
vt 0.048476 0.607046
vt 0.047758 0.462029
vt 0.048476 0.462919
vt 0.048476 0.471603
vt 0.047758 0.472492
vt 0.048476 0.473382
vt 0.039582 0.445705
vt 0.048476 0.445704
vt 0.048476 0.461140
vt 0.039582 0.440029
vt 0.048476 0.440029
vt 0.048476 0.348956
vt 0.047758 0.349846
vt 0.048476 0.350736
vt 0.048476 0.359419
vt 0.047758 0.360309
vt 0.048476 0.361199
vt 0.048476 0.366389
vt 0.039582 0.366389
vt 0.048476 0.371898
vt 0.039582 0.371898
vt 0.047758 0.295905
vt 0.048476 0.296795
vt 0.048476 0.305478
vt 0.047758 0.306368
vt 0.048476 0.307258
vt 0.039582 0.279580
vt 0.048476 0.279580
vt 0.048476 0.295015
vt 0.048476 0.246900
vt 0.047758 0.247789
vt 0.048476 0.248679
vt 0.048476 0.257363
vt 0.047758 0.258252
vt 0.048476 0.259142
vt 0.048476 0.274577
vt 0.039581 0.274577
vt 0.048475 0.208801
vt 0.047758 0.209691
vt 0.048475 0.210581
vt 0.048475 0.219264
vt 0.047758 0.220154
vt 0.048475 0.221044
vt 0.039581 0.203611
vt 0.048475 0.203611
vt 0.039581 0.198772
vt 0.048475 0.198772
vt 0.047758 0.182228
vt 0.048475 0.183118
vt 0.048475 0.191802
vt 0.047758 0.192691
vt 0.048475 0.193581
vt 0.048475 0.181338
vt 0.048476 0.377088
vt 0.047758 0.377978
vt 0.048476 0.378868
vt 0.048476 0.387551
vt 0.047758 0.388441
vt 0.048476 0.389331
vt 0.048476 0.412351
vt 0.047758 0.413241
vt 0.048476 0.414130
vt 0.048476 0.422814
vt 0.047758 0.423704
vt 0.048476 0.424594
vt 0.048476 0.579368
vt 0.047758 0.580258
vt 0.048476 0.581147
vt 0.048476 0.589831
vt 0.047758 0.590721
vt 0.048476 0.591610
vt 0.048580 0.016864
vt 0.047854 0.017764
vt 0.049626 0.019965
vt 0.048515 0.130436
vt 0.039581 0.130385
vt 0.039581 0.002583
vt 0.048580 0.002583
vt 0.048476 0.545588
vt 0.047758 0.546478
vt 0.048476 0.547368
vt 0.048476 0.556051
vt 0.047758 0.556941
vt 0.048476 0.557831
vt 0.048476 0.156359
vt 0.047758 0.157249
vt 0.048476 0.158138
vt 0.048479 0.145897
vt 0.047759 0.146786
vt 0.048477 0.147676
vt 0.969910 0.976590
vt 0.991425 0.976590
vt 0.939609 0.976590
vt 0.964237 0.976590
vt 0.862787 0.976590
vt 0.884091 0.976590
vt 0.811131 0.976590
vt 0.856134 0.976590
vt 0.784130 0.976590
vt 0.803696 0.976590
vt 0.890548 0.976590
vt 0.933745 0.976590
vt 0.579074 0.976590
vt 0.776303 0.976590
vt 0.551681 0.976590
vt 0.571248 0.976590
vt 0.471286 0.976590
vt 0.492591 0.976590
vt 0.421633 0.976590
vt 0.464830 0.976590
vt 0.391141 0.976590
vt 0.415769 0.976590
vt 0.499244 0.976590
vt 0.544246 0.976590
vt 0.363953 0.976590
vt 0.385468 0.976590
vt 0.969910 0.964327
vt 0.991425 0.964327
vt 0.939609 0.964327
vt 0.964237 0.964327
vt 0.862787 0.964327
vt 0.884091 0.964327
vt 0.811131 0.964327
vt 0.856134 0.964327
vt 0.784130 0.964327
vt 0.803696 0.964327
vt 0.890548 0.964327
vt 0.933745 0.964327
vt 0.579074 0.964327
vt 0.776303 0.964327
vt 0.551681 0.964327
vt 0.571248 0.964327
vt 0.471286 0.964327
vt 0.492591 0.964327
vt 0.421633 0.964327
vt 0.464830 0.964327
vt 0.391141 0.964327
vt 0.415769 0.964327
vt 0.499244 0.964327
vt 0.544246 0.964327
vt 0.363953 0.964327
vt 0.385468 0.964327
vt 0.363953 0.815174
vt 0.991425 0.815174
vt 0.969910 0.977633
vt 0.969910 0.980471
vt 0.991425 0.980471
vt 0.991425 0.977633
vt 0.991425 0.963284
vt 0.991425 0.945192
vt 0.969910 0.957200
vt 0.969910 0.963284
vt 0.969910 0.965369
vt 0.969910 0.975547
vt 0.991425 0.975547
vt 0.991425 0.965369
vt 0.005458 0.569206
vt 0.005458 0.550875
vt 0.005353 0.997417
vt 0.005353 0.912409
vt 0.005354 0.745516
vt 0.005354 0.726969
vt 0.939609 0.977633
vt 0.939609 0.980471
vt 0.964237 0.980471
vt 0.964237 0.977633
vt 0.964237 0.963284
vt 0.964237 0.957200
vt 0.939609 0.945192
vt 0.939609 0.963284
vt 0.939609 0.965369
vt 0.939609 0.975547
vt 0.964237 0.975547
vt 0.964237 0.965369
vt 0.005458 0.506387
vt 0.005458 0.485403
vt 0.005354 0.750405
vt 0.005353 0.771636
vt 0.890548 0.977633
vt 0.890548 0.980471
vt 0.933745 0.980471
vt 0.933745 0.977633
vt 0.933745 0.963284
vt 0.933745 0.945192
vt 0.890548 0.957200
vt 0.890548 0.963284
vt 0.890548 0.965369
vt 0.890548 0.975547
vt 0.933745 0.975547
vt 0.933745 0.965369
vt 0.005458 0.420290
vt 0.005458 0.383485
vt 0.005353 0.776690
vt 0.005353 0.813927
vt 0.862787 0.977633
vt 0.862787 0.980471
vt 0.884091 0.980471
vt 0.884091 0.977633
vt 0.884091 0.963284
vt 0.884091 0.957200
vt 0.862787 0.945192
vt 0.862787 0.963284
vt 0.862787 0.965369
vt 0.862787 0.975547
vt 0.884091 0.975547
vt 0.884091 0.965369
vt 0.005458 0.338329
vt 0.005458 0.320177
vt 0.005353 0.819493
vt 0.005353 0.837858
vt 0.811131 0.977633
vt 0.811131 0.980471
vt 0.856134 0.980471
vt 0.856134 0.977633
vt 0.856134 0.963284
vt 0.856134 0.945192
vt 0.811131 0.957200
vt 0.811131 0.963284
vt 0.811131 0.965369
vt 0.811131 0.975547
vt 0.856134 0.975547
vt 0.856134 0.965369
vt 0.005457 0.254393
vt 0.005457 0.216050
vt 0.005353 0.843593
vt 0.005353 0.882386
vt 0.784130 0.977633
vt 0.784130 0.980471
vt 0.803696 0.980471
vt 0.803696 0.977633
vt 0.803696 0.963284
vt 0.803696 0.957200
vt 0.784130 0.945192
vt 0.784130 0.963284
vt 0.784130 0.965369
vt 0.784130 0.975547
vt 0.803696 0.975547
vt 0.803696 0.965369
vt 0.005457 0.170060
vt 0.005457 0.153389
vt 0.005353 0.888796
vt 0.005457 0.196222
vt 0.005457 0.189887
vt 0.005353 0.905662
vt 0.677689 0.977633
vt 0.677689 0.980471
vt 0.776303 0.980471
vt 0.776303 0.977633
vt 0.776303 0.963284
vt 0.776303 0.945192
vt 0.677689 0.945192
vt 0.677689 0.963284
vt 0.677689 0.965369
vt 0.677689 0.975547
vt 0.776303 0.975547
vt 0.776303 0.965369
vt 0.605219 0.042864
vt 0.430313 0.042864
vt 0.005457 0.201406
vt 0.005457 0.213632
vt 0.006174 0.212743
vt 0.005457 0.211854
vt 0.005457 0.203183
vt 0.006174 0.202294
vt 0.677689 0.816217
vt 0.776303 0.816217
vt 0.776303 0.814131
vt 0.776303 0.797586
vt 0.677689 0.797586
vt 0.677689 0.814131
vt 0.784130 0.816217
vt 0.784130 0.814131
vt 0.784130 0.797586
vt 0.803696 0.816217
vt 0.803696 0.814131
vt 0.803696 0.797586
vt 0.811131 0.816217
vt 0.811131 0.814131
vt 0.811131 0.797586
vt 0.856134 0.816217
vt 0.856134 0.814131
vt 0.856134 0.797586
vt 0.862787 0.816217
vt 0.862787 0.814131
vt 0.862787 0.797586
vt 0.884091 0.816217
vt 0.884091 0.814131
vt 0.884091 0.797586
vt 0.890548 0.816217
vt 0.890548 0.814131
vt 0.890548 0.797586
vt 0.933745 0.816217
vt 0.933745 0.814131
vt 0.933745 0.797586
vt 0.939609 0.816217
vt 0.939609 0.814131
vt 0.939609 0.797586
vt 0.964237 0.816217
vt 0.964237 0.814131
vt 0.964237 0.797586
vt 0.969910 0.816217
vt 0.969910 0.814131
vt 0.969910 0.797586
vt 0.991425 0.816217
vt 0.991425 0.814131
vt 0.991425 0.797586
vt 0.005457 0.086604
vt 0.005457 0.116662
vt 0.005457 0.101249
vt 0.006174 0.100360
vt 0.005457 0.099471
vt 0.005457 0.090800
vt 0.006173 0.089911
vt 0.005457 0.089022
vt 0.005457 0.123331
vt 0.005458 0.284451
vt 0.005458 0.269037
vt 0.006174 0.268148
vt 0.005458 0.267260
vt 0.005457 0.258588
vt 0.006174 0.257700
vt 0.005457 0.256811
vt 0.005458 0.290119
vt 0.005458 0.368841
vt 0.005458 0.363658
vt 0.005458 0.381067
vt 0.006175 0.380178
vt 0.005458 0.379290
vt 0.005458 0.370618
vt 0.006175 0.369730
vt 0.005458 0.358157
vt 0.005458 0.450348
vt 0.005458 0.434934
vt 0.006175 0.434046
vt 0.005458 0.433157
vt 0.005458 0.424486
vt 0.006175 0.423597
vt 0.005458 0.422708
vt 0.005458 0.481207
vt 0.005458 0.472536
vt 0.006175 0.471647
vt 0.005458 0.470759
vt 0.005458 0.455344
vt 0.005458 0.482984
vt 0.006175 0.482096
vt 0.005458 0.526214
vt 0.005458 0.521031
vt 0.006175 0.520142
vt 0.005458 0.519253
vt 0.005458 0.510582
vt 0.006175 0.509693
vt 0.005458 0.508805
vt 0.005458 0.531047
vt 0.005458 0.536230
vt 0.005458 0.548456
vt 0.006175 0.547568
vt 0.005458 0.546679
vt 0.005458 0.538007
vt 0.006175 0.537119
vt 0.005458 0.352974
vt 0.006175 0.352085
vt 0.005458 0.351196
vt 0.005458 0.342525
vt 0.006175 0.341636
vt 0.005458 0.340748
vt 0.005458 0.315982
vt 0.005458 0.307310
vt 0.006175 0.306422
vt 0.005458 0.305533
vt 0.005458 0.317759
vt 0.006175 0.316870
vt 0.005457 0.149193
vt 0.005457 0.140522
vt 0.006174 0.139633
vt 0.005457 0.138745
vt 0.005457 0.150971
vt 0.006174 0.150082
vt 0.004309 0.709611
vt 0.005418 0.599290
vt 0.005353 0.712707
vt 0.006079 0.711808
vt 0.005457 0.184704
vt 0.006174 0.183815
vt 0.005457 0.182927
vt 0.005457 0.174255
vt 0.006174 0.173367
vt 0.005457 0.172478
vt 0.005458 0.571625
vt 0.005455 0.583850
vt 0.006173 0.582962
vt 0.005457 0.582073
vt 0.005457 0.573402
vt 0.006174 0.572513
vt 0.363953 0.977633
vt 0.363953 0.980471
vt 0.385468 0.980471
vt 0.385468 0.977633
vt 0.385468 0.963284
vt 0.385468 0.957200
vt 0.363953 0.945192
vt 0.363953 0.963284
vt 0.385468 0.975547
vt 0.385468 0.965369
vt 0.363953 0.965369
vt 0.363953 0.975547
vt 0.030687 0.178917
vt 0.030687 0.160560
vt 0.066429 0.147657
vt 0.066429 0.012667
vt 0.066429 0.442131
vt 0.066429 0.412679
vt 0.391141 0.977633
vt 0.391141 0.980471
vt 0.415769 0.980471
vt 0.415769 0.977633
vt 0.415769 0.963284
vt 0.415769 0.945192
vt 0.391141 0.957200
vt 0.391141 0.963284
vt 0.415769 0.975547
vt 0.415769 0.965369
vt 0.391141 0.965369
vt 0.391141 0.975547
vt 0.030687 0.244478
vt 0.030687 0.223466
vt 0.066429 0.404914
vt 0.066429 0.371201
vt 0.421633 0.977633
vt 0.421633 0.980471
vt 0.464830 0.980471
vt 0.464830 0.977633
vt 0.464830 0.963284
vt 0.464830 0.957200
vt 0.421633 0.945192
vt 0.421633 0.963284
vt 0.464830 0.975547
vt 0.464830 0.965369
vt 0.421633 0.965369
vt 0.421633 0.975547
vt 0.030688 0.346535
vt 0.030688 0.309680
vt 0.066429 0.363175
vt 0.066429 0.304043
vt 0.471286 0.977633
vt 0.471286 0.980471
vt 0.492591 0.980471
vt 0.492591 0.977633
vt 0.492591 0.963284
vt 0.492591 0.945192
vt 0.471286 0.957200
vt 0.471286 0.963284
vt 0.492591 0.975547
vt 0.492591 0.965369
vt 0.471286 0.965369
vt 0.471286 0.975547
vt 0.030688 0.409929
vt 0.030688 0.391752
vt 0.066429 0.295205
vt 0.066429 0.266042
vt 0.499244 0.977633
vt 0.499244 0.980471
vt 0.544246 0.980471
vt 0.544246 0.977633
vt 0.544246 0.963284
vt 0.544246 0.957200
vt 0.499244 0.945192
vt 0.499244 0.963284
vt 0.544246 0.975547
vt 0.544246 0.965369
vt 0.499244 0.965369
vt 0.499244 0.975547
vt 0.030688 0.514199
vt 0.030688 0.475804
vt 0.066429 0.256935
vt 0.066429 0.195332
vt 0.551681 0.977633
vt 0.551681 0.980471
vt 0.571248 0.980471
vt 0.571248 0.977633
vt 0.571248 0.963284
vt 0.571248 0.945192
vt 0.551681 0.957200
vt 0.551681 0.963284
vt 0.571248 0.975547
vt 0.571248 0.965369
vt 0.551681 0.965369
vt 0.551681 0.975547
vt 0.030688 0.576946
vt 0.030688 0.560252
vt 0.066429 0.185154
vt 0.030688 0.540398
vt 0.030688 0.534054
vt 0.066429 0.158370
vt 0.579074 0.977633
vt 0.579074 0.980471
vt 0.579074 0.945192
vt 0.579074 0.963284
vt 0.579074 0.965369
vt 0.579074 0.975547
vt 0.255406 0.042864
vt 0.030688 0.528864
vt 0.031406 0.527974
vt 0.030688 0.527084
vt 0.030688 0.518401
vt 0.031406 0.517511
vt 0.030688 0.516621
vt 0.579074 0.816217
vt 0.579074 0.797586
vt 0.579074 0.814131
vt 0.571248 0.816217
vt 0.571248 0.797586
vt 0.571248 0.814131
vt 0.551681 0.816217
vt 0.551681 0.797586
vt 0.551681 0.814131
vt 0.544246 0.816217
vt 0.544246 0.797586
vt 0.544246 0.814131
vt 0.499244 0.816217
vt 0.499244 0.797586
vt 0.499244 0.814131
vt 0.492591 0.816217
vt 0.492591 0.797586
vt 0.492591 0.814131
vt 0.471286 0.816217
vt 0.471286 0.797586
vt 0.471286 0.814131
vt 0.464830 0.816217
vt 0.464830 0.797586
vt 0.464830 0.814131
vt 0.421633 0.816217
vt 0.421633 0.797586
vt 0.421633 0.814131
vt 0.415769 0.816217
vt 0.415769 0.797586
vt 0.415769 0.814131
vt 0.391141 0.816217
vt 0.391141 0.797586
vt 0.391141 0.814131
vt 0.385468 0.816217
vt 0.385468 0.797586
vt 0.385468 0.814131
vt 0.363953 0.816217
vt 0.363953 0.797586
vt 0.363953 0.814131
vt 0.031406 0.630048
vt 0.030688 0.629158
vt 0.030688 0.613723
vt 0.030688 0.643823
vt 0.030688 0.641401
vt 0.031406 0.640511
vt 0.030688 0.639621
vt 0.030688 0.630938
vt 0.030688 0.607046
vt 0.031406 0.462029
vt 0.030688 0.461140
vt 0.030688 0.445704
vt 0.030688 0.473382
vt 0.031406 0.472492
vt 0.030688 0.471603
vt 0.030688 0.462919
vt 0.030688 0.440029
vt 0.030688 0.366389
vt 0.030688 0.361199
vt 0.031405 0.360309
vt 0.030688 0.359419
vt 0.030688 0.350736
vt 0.031405 0.349846
vt 0.030688 0.348956
vt 0.030688 0.371898
vt 0.031405 0.295905
vt 0.030687 0.295015
vt 0.030687 0.279580
vt 0.030687 0.307258
vt 0.031405 0.306368
vt 0.030688 0.305478
vt 0.030688 0.296795
vt 0.030687 0.274577
vt 0.030687 0.259142
vt 0.031405 0.258252
vt 0.030687 0.257363
vt 0.030687 0.248679
vt 0.031405 0.247790
vt 0.030687 0.246900
vt 0.030687 0.208801
vt 0.030687 0.203611
vt 0.030687 0.221044
vt 0.031405 0.220154
vt 0.030687 0.219264
vt 0.030687 0.210581
vt 0.031405 0.209691
vt 0.030687 0.198772
vt 0.031405 0.182228
vt 0.030687 0.181338
vt 0.030687 0.193581
vt 0.031405 0.192691
vt 0.030687 0.191802
vt 0.030687 0.183118
vt 0.030688 0.377088
vt 0.030688 0.389331
vt 0.031405 0.388441
vt 0.030688 0.387551
vt 0.030688 0.378868
vt 0.031405 0.377978
vt 0.030688 0.424594
vt 0.031405 0.423704
vt 0.030688 0.422814
vt 0.030688 0.414131
vt 0.031406 0.413241
vt 0.030688 0.412351
vt 0.030688 0.591611
vt 0.031406 0.590721
vt 0.030688 0.589831
vt 0.030688 0.581147
vt 0.031406 0.580258
vt 0.030688 0.579368
vt 0.030583 0.016864
vt 0.030583 0.002583
vt 0.030648 0.130436
vt 0.029537 0.019965
vt 0.031309 0.017765
vt 0.030688 0.545588
vt 0.030688 0.557831
vt 0.031406 0.556941
vt 0.030688 0.556051
vt 0.030688 0.547368
vt 0.031406 0.546478
vt 0.030687 0.156359
vt 0.030686 0.147676
vt 0.031404 0.146786
vt 0.030684 0.145897
vt 0.030687 0.158138
vt 0.031405 0.157249
vt 0.991425 0.976590
vt 0.969910 0.976590
vt 0.964237 0.976590
vt 0.939609 0.976590
vt 0.884091 0.976590
vt 0.862787 0.976590
vt 0.856134 0.976590
vt 0.811131 0.976590
vt 0.803696 0.976590
vt 0.784130 0.976590
vt 0.933745 0.976590
vt 0.890548 0.976590
vt 0.776303 0.976590
vt 0.579074 0.976590
vt 0.571248 0.976590
vt 0.551681 0.976590
vt 0.492591 0.976590
vt 0.471286 0.976590
vt 0.464830 0.976590
vt 0.421633 0.976590
vt 0.415769 0.976590
vt 0.391141 0.976590
vt 0.544246 0.976590
vt 0.499244 0.976590
vt 0.385468 0.976590
vt 0.363953 0.976590
vt 0.991425 0.964327
vt 0.969910 0.964327
vt 0.964237 0.964327
vt 0.939609 0.964327
vt 0.884091 0.964327
vt 0.862787 0.964327
vt 0.856134 0.964327
vt 0.811131 0.964327
vt 0.803696 0.964327
vt 0.784130 0.964327
vt 0.933745 0.964327
vt 0.890548 0.964327
vt 0.776303 0.964327
vt 0.579074 0.964327
vt 0.571248 0.964327
vt 0.551681 0.964327
vt 0.492591 0.964327
vt 0.471286 0.964327
vt 0.464830 0.964327
vt 0.421633 0.964327
vt 0.415769 0.964327
vt 0.391141 0.964327
vt 0.544246 0.964327
vt 0.499244 0.964327
vt 0.385468 0.964327
vt 0.363953 0.964327
vt 0.991425 0.815174
vt 0.363953 0.815174
vn 0.0000 0.0000 -1.0000
vn -0.1951 -0.9808 0.0000
vn -0.5556 -0.8315 0.0000
vn -0.8315 -0.5556 0.0000
vn -0.9806 -0.1959 0.0000
vn 0.0000 1.0000 0.0000
vn -0.0281 -0.9996 0.0000
vn 0.0777 -0.9970 0.0000
vn 0.0000 -1.0000 0.0000
vn -0.0802 -0.9968 0.0000
vn 1.0000 0.0000 0.0000
vn -1.0000 -0.0000 0.0000
vn 0.9806 -0.1959 0.0000
vn 0.8315 -0.5556 0.0000
vn 0.5556 -0.8315 0.0000
vn 0.1951 -0.9808 0.0000
vn 0.0260 -0.9997 0.0000
vn 0.0000 0.0000 1.0000
vn 0.6037 -0.7972 0.0000
vn 0.9101 0.4144 0.0000
vn -0.9237 -0.3830 0.0000
vn 0.1703 0.9854 0.0000
vn -0.8799 -0.4752 0.0000
vn -0.1694 -0.9855 0.0000
vn -0.2482 -0.9687 0.0000
vn -0.1668 -0.9860 0.0000
vn -0.1745 -0.9847 0.0000
vn -0.8998 -0.4363 0.0000
vn 0.8998 0.4363 0.0000
vn -0.2429 -0.9701 0.0000
vn -0.9117 -0.4108 0.0000
vn -0.1763 -0.9843 0.0000
vn -0.2582 -0.9661 0.0000
vn -0.3027 -0.9531 0.0000
vn -0.1462 -0.9893 0.0000
vn -0.2733 -0.9619 0.0000
vn -0.1683 -0.9857 0.0000
vn -0.9153 -0.4027 0.0000
vn 0.5506 -0.8348 0.0000
vn 0.5367 -0.8437 0.0000
vn -0.9188 -0.3948 0.0000
vn 0.9143 0.4051 0.0000
vn 0.9214 0.3885 0.0000
vn 0.1731 0.9849 0.0000
vn 0.1719 0.9851 0.0000
vn 0.2993 -0.9542 -0.0000
vn 0.4461 -0.8950 0.0000
vn 0.1848 -0.9828 0.0000
vn 0.5325 -0.8464 0.0000
vn -0.9092 -0.4164 0.0000
vn 0.9118 0.4107 0.0000
vn -0.5274 0.8496 0.0000
vn 0.5274 -0.8496 0.0000
vn 0.5096 -0.8604 0.0000
vn 0.9251 0.3798 0.0000
vn -0.5521 0.8338 0.0000
vn 0.5521 -0.8338 0.0000
vn 0.9101 -0.4144 0.0000
vn -0.9237 0.3830 0.0000
vn 0.1703 -0.9854 0.0000
vn -0.8799 0.4752 0.0000
vn -0.1694 0.9855 0.0000
vn -0.2482 0.9687 0.0000
vn -0.1668 0.9860 0.0000
vn -0.1745 0.9847 0.0000
vn -0.8998 0.4363 0.0000
vn 0.8998 -0.4363 0.0000
vn -0.2429 0.9701 0.0000
vn -0.9117 0.4108 0.0000
vn -0.1763 0.9843 0.0000
vn -0.2582 0.9661 0.0000
vn -0.3027 0.9531 0.0000
vn -0.1462 0.9893 0.0000
vn -0.2733 0.9619 0.0000
vn -0.1683 0.9857 0.0000
vn -0.9153 0.4027 0.0000
vn 0.5506 0.8348 0.0000
vn 0.5367 0.8437 0.0000
vn -0.9188 0.3948 0.0000
vn 0.9143 -0.4051 0.0000
vn 0.9214 -0.3885 0.0000
vn 0.1731 -0.9849 0.0000
vn 0.1719 -0.9851 0.0000
vn 0.5325 0.8464 0.0000
vn -0.9092 0.4164 0.0000
vn 0.9118 -0.4107 0.0000
vn -0.5274 -0.8496 0.0000
vn 0.5274 0.8496 0.0000
vn 0.5096 0.8604 0.0000
vn 0.9251 -0.3798 0.0000
vn -0.5521 -0.8338 0.0000
vn 0.5521 0.8338 0.0000
vn -0.6037 -0.7972 0.0000
vn -0.9101 0.4144 0.0000
vn 0.9237 -0.3830 0.0000
vn -0.1703 0.9854 0.0000
vn 0.8799 -0.4752 0.0000
vn 0.1694 -0.9855 0.0000
vn 0.2482 -0.9687 0.0000
vn 0.1668 -0.9860 0.0000
vn 0.1745 -0.9847 0.0000
vn 0.2429 -0.9701 0.0000
vn 0.9117 -0.4108 0.0000
vn 0.1763 -0.9843 0.0000
vn 0.2582 -0.9661 0.0000
vn 0.3027 -0.9531 0.0000
vn 0.1462 -0.9893 0.0000
vn 0.2733 -0.9619 0.0000
vn 0.1683 -0.9857 0.0000
vn 0.9153 -0.4027 0.0000
vn -0.5506 -0.8348 0.0000
vn -0.5367 -0.8437 0.0000
vn 0.9188 -0.3948 0.0000
vn -0.9143 0.4051 0.0000
vn -0.9214 0.3885 0.0000
vn -0.1731 0.9849 0.0000
vn -0.1719 0.9851 0.0000
vn -0.2993 -0.9542 0.0000
vn -0.4461 -0.8950 0.0000
vn -0.1848 -0.9828 0.0000
vn -0.5325 -0.8464 0.0000
vn 0.9092 -0.4164 0.0000
vn -0.9118 0.4107 0.0000
vn -0.5096 -0.8604 0.0000
vn -0.9251 0.3798 0.0000
vn -0.7895 0.6137 0.0000
vn -0.9101 -0.4144 0.0000
vn 0.9237 0.3830 0.0000
vn -0.1703 -0.9854 0.0000
vn 0.8799 0.4752 0.0000
vn 0.1694 0.9855 0.0000
vn 0.2482 0.9687 0.0000
vn 0.1668 0.9860 0.0000
vn 0.1745 0.9847 0.0000
vn 0.2429 0.9701 0.0000
vn 0.9117 0.4108 0.0000
vn 0.1763 0.9843 0.0000
vn 0.2582 0.9661 0.0000
vn 0.3027 0.9531 0.0000
vn 0.1462 0.9893 0.0000
vn 0.2733 0.9619 0.0000
vn 0.1683 0.9857 0.0000
vn 0.9153 0.4027 0.0000
vn -0.5506 0.8348 0.0000
vn -0.5367 0.8437 0.0000
vn 0.9188 0.3948 0.0000
vn -0.9143 -0.4051 0.0000
vn -0.9214 -0.3885 0.0000
vn -0.1731 -0.9849 0.0000
vn -0.1719 -0.9851 0.0000
vn -0.5325 0.8464 0.0000
vn 0.9092 0.4164 0.0000
vn -0.9118 -0.4107 0.0000
vn -0.5096 0.8604 0.0000
vn -0.9251 -0.3798 0.0000
vn 0.5962 0.8028 0.0000
vn -0.5962 0.8028 0.0000
vn -0.1787 0.9839 0.0000
vn -0.4395 0.8983 0.0000
vn -0.6671 0.7450 0.0000
vn 0.6671 0.7450 0.0000
vn 0.4395 0.8983 0.0000
vn 0.1787 0.9839 0.0000
vn 0.7895 0.6137 -0.0000
vn 0.0000 -0.6278 -0.7784
vn 0.0000 0.6278 -0.7784
vn 0.0000 -0.6278 0.7784
vn 0.0000 0.6278 0.7784
usemtl new_ram
s off
f 87/1/1 18/2/1 72/3/1 74/4/1
f 89/5/1 88/6/1 3/7/1 76/8/1
f 19/9/1 90/10/1 78/11/1 84/12/1
f 7/13/1 6/14/1 10/15/1 11/16/1
f 6/14/1 5/17/1 9/18/1 10/15/1
f 5/17/1 4/19/1 8/20/1 9/18/1
f 40/21/1 19/9/1 84/12/1 100/22/1
f 37/23/1 83/24/1 16/25/1 38/26/1
f 73/27/1 71/28/1 12/29/1 85/30/1
f 75/31/1 2/32/1 13/33/1 86/34/1
f 83/24/1 77/35/1 14/36/1 16/25/1
f 41/37/1 30/38/1 19/9/1 40/21/1
f 30/38/1 29/39/1 90/10/1 19/9/1
f 29/39/1 28/40/1 89/5/1 90/10/1
f 28/40/1 27/41/1 88/6/1 89/5/1
f 27/41/1 26/42/1 87/1/1 88/6/1
f 26/42/1 92/43/1 18/2/1 87/1/1
f 4/19/1 80/44/1 82/45/1 8/20/1
f 62/46/1 61/47/1 30/38/1 41/37/1
f 31/48/1 35/49/1 7/13/1 11/16/1 36/50/1 97/51/1
f 38/26/1 16/25/1 25/52/1 39/53/1
f 85/30/1 12/29/1 91/54/1 21/55/1
f 13/33/1 85/30/1 21/55/1 22/56/1
f 86/34/1 13/33/1 22/56/1 23/57/1
f 14/36/1 86/34/1 23/57/1 24/58/1
f 16/25/1 14/36/1 24/58/1 25/52/1
f 57/59/1 103/60/1 92/43/1 26/42/1
f 58/61/1 57/59/1 26/42/1 27/41/1
f 59/62/1 58/61/1 27/41/1 28/40/1
f 60/63/1 59/62/1 28/40/1 29/39/1
f 31/48/1 32/64/1 33/65/1 95/66/1 94/67/1 35/49/1
f 96/68/1 98/69/1 99/70/1 34/71/1 97/51/1 36/50/1
f 61/47/1 60/63/1 29/39/1 30/38/1
f 64/72/1 21/55/1 91/54/1 63/73/1
f 65/74/1 22/56/1 21/55/1 64/72/1
f 66/75/1 23/57/1 22/56/1 65/74/1
f 67/76/1 24/58/1 23/57/1 66/75/1
f 47/77/1 7/13/1 35/49/1 48/78/1
f 42/79/1 49/80/1 94/67/1 79/81/1
f 15/82/1 38/26/1 39/53/1 20/83/1
f 70/84/1 37/23/1 38/26/1 15/82/1
f 93/85/1 41/37/1 40/21/1 17/86/1
f 17/86/1 40/21/1 100/22/1 1/87/1
f 56/88/1 101/89/1 81/90/1 96/68/1
f 68/91/1 39/53/1 25/52/1 69/92/1
f 94/67/1 49/80/1 48/78/1 35/49/1
f 104/93/1 68/91/1 49/80/1 42/79/1
f 67/76/1 47/77/1 48/78/1 69/92/1
f 7/13/1 47/77/1 46/94/1 6/14/1
f 6/14/1 46/94/1 45/95/1 5/17/1
f 5/17/1 45/95/1 44/96/1 4/19/1
f 4/19/1 44/96/1 43/97/1 80/44/1
f 62/46/1 102/98/1 101/89/1 56/88/1
f 36/50/1 11/16/1 54/99/1 55/100/1
f 11/16/1 10/15/1 53/101/1 54/99/1
f 10/15/1 9/18/1 52/102/1 53/101/1
f 9/18/1 8/20/1 51/103/1 52/102/1
f 8/20/1 82/45/1 50/104/1 51/103/1
f 96/68/1 36/50/1 55/100/1 56/88/1
f 41/37/1 93/85/1 102/98/1 62/46/1
f 55/100/1 54/99/1 60/63/1 61/47/1
f 54/99/1 53/101/1 59/62/1 60/63/1
f 53/101/1 52/102/1 58/61/1 59/62/1
f 52/102/1 51/103/1 57/59/1 58/61/1
f 51/103/1 50/104/1 103/60/1 57/59/1
f 56/88/1 55/100/1 61/47/1 62/46/1
f 24/58/1 67/76/1 69/92/1 25/52/1
f 20/83/1 39/53/1 68/91/1 104/93/1
f 49/80/1 68/91/1 69/92/1 48/78/1
f 47/77/1 67/76/1 66/75/1 46/94/1
f 46/94/1 66/75/1 65/74/1 45/95/1
f 45/95/1 65/74/1 64/72/1 44/96/1
f 44/96/1 64/72/1 63/73/1 43/97/1
f 144/105/2 97/106/2 34/107/2 145/108/2
f 145/108/3 34/107/3 99/109/3 146/110/3
f 146/110/4 99/109/4 98/111/4 147/112/4
f 147/112/5 98/111/5 96/113/5 148/114/5
f 158/115/6 63/116/6 91/117/6 136/118/6
f 124/119/6 80/120/6 43/121/6 151/122/6
f 151/122/6 43/121/6 63/116/6 158/115/6
f 20/123/7 104/124/7 157/125/7 135/126/7
f 101/127/8 102/128/8 156/129/8 153/130/8
f 92/131/6 103/132/6 155/133/6 138/134/6
f 103/132/6 50/135/6 154/136/6 155/133/6
f 81/137/9 101/127/9 153/130/9 120/138/9
f 104/124/10 42/139/10 152/140/10 157/125/10
f 1/141/11 100/142/11 150/143/11 116/144/11
f 83/145/12 37/146/12 149/147/12 111/148/12
f 95/149/13 142/150/13 143/151/13 94/152/13
f 33/153/14 141/154/14 142/150/14 95/149/14
f 32/155/15 140/156/15 141/154/15 33/153/15
f 31/157/16 139/158/16 140/156/16 32/155/16
f 96/113/12 81/137/12 120/138/12 148/114/12
f 18/159/6 92/131/6 138/134/6 133/160/6
f 102/128/17 93/161/17 137/162/17 156/129/17
f 15/163/9 20/123/9 135/126/9 109/164/9
f 17/165/9 1/166/9 116/167/9 134/168/9
f 89/169/9 76/170/9 123/171/9 121/172/9
f 37/146/12 70/173/12 110/174/12 149/147/12
f 3/175/6 88/176/6 129/177/6 122/178/6
f 87/179/9 74/180/9 108/181/9 128/182/9
f 42/139/9 79/183/9 118/184/9 152/140/9
f 72/185/6 18/159/6 133/160/6 107/186/6
f 14/187/6 77/188/6 112/189/6 131/190/6
f 91/117/6 12/191/6 114/192/6 136/118/6
f 93/161/9 17/165/9 134/168/9 137/162/9
f 84/193/11 78/194/11 106/195/11 115/196/11
f 50/135/6 82/197/6 125/198/6 154/136/6
f 75/199/9 86/200/9 132/201/9 130/202/9
f 86/200/12 14/187/12 131/190/12 132/201/12
f 2/203/12 75/199/12 130/202/12 127/204/12
f 88/176/11 87/179/11 128/182/11 129/177/11
f 79/183/11 94/152/11 143/151/11 118/184/11
f 13/205/6 2/203/6 127/204/6 126/206/6
f 85/207/12 13/205/12 126/206/12 119/208/12
f 82/197/6 80/120/6 124/119/6 125/198/6
f 76/170/11 3/175/11 122/178/11 123/171/11
f 90/209/11 89/169/11 121/172/11 105/210/11
f 73/211/9 85/207/9 119/208/9 117/212/9
f 71/213/12 73/211/12 117/212/12 113/214/12
f 100/142/11 84/193/11 115/196/11 150/143/11
f 12/191/6 71/215/6 113/216/6 114/192/6
f 77/188/12 83/145/12 111/148/12 112/189/12
f 70/217/9 15/163/9 109/164/9 110/218/9
f 74/180/11 72/219/11 107/220/11 108/181/11
f 78/194/6 90/209/6 105/210/6 106/195/6
f 31/157/9 97/106/9 144/105/9 139/158/9
f 245/221/18 232/222/18 230/223/18 176/224/18
f 247/225/18 234/226/18 161/227/18 246/228/18
f 177/229/18 242/230/18 236/231/18 248/232/18
f 165/233/18 169/234/18 168/235/18 164/236/18
f 164/236/18 168/235/18 167/237/18 163/238/18
f 163/238/18 167/237/18 166/239/18 162/240/18
f 198/241/18 258/242/18 242/230/18 177/229/18
f 195/243/18 196/244/18 174/245/18 241/246/18
f 231/247/18 243/248/18 170/249/18 229/250/18
f 233/251/18 244/252/18 171/253/18 160/254/18
f 241/246/18 174/245/18 172/255/18 235/256/18
f 199/257/18 198/241/18 177/229/18 188/258/18
f 188/258/18 177/229/18 248/232/18 187/259/18
f 187/259/18 248/232/18 247/225/18 186/260/18
f 186/260/18 247/225/18 246/228/18 185/261/18
f 185/261/18 246/228/18 245/221/18 184/262/18
f 184/262/18 245/221/18 176/224/18 250/263/18
f 162/240/18 166/239/18 240/264/18 238/265/18
f 220/266/18 199/257/18 188/258/18 219/267/18
f 189/268/18 255/269/18 194/270/18 169/234/18 165/233/18 193/271/18
f 196/244/18 197/272/18 183/273/18 174/245/18
f 243/248/18 179/274/18 249/275/18 170/249/18
f 171/253/18 180/276/18 179/274/18 243/248/18
f 244/252/18 181/277/18 180/276/18 171/253/18
f 172/255/18 182/278/18 181/277/18 244/252/18
f 174/245/18 183/273/18 182/278/18 172/255/18
f 215/279/18 184/262/18 250/263/18 261/280/18
f 216/281/18 185/261/18 184/262/18 215/279/18
f 217/282/18 186/260/18 185/261/18 216/281/18
f 218/283/18 187/259/18 186/260/18 217/282/18
f 189/268/18 193/271/18 252/284/18 253/285/18 191/286/18 190/287/18
f 254/288/18 194/270/18 255/269/18 192/289/18 257/290/18 256/291/18
f 219/267/18 188/258/18 187/259/18 218/283/18
f 222/292/18 221/293/18 249/275/18 179/274/18
f 223/294/18 222/292/18 179/274/18 180/276/18
f 224/295/18 223/294/18 180/276/18 181/277/18
f 225/296/18 224/295/18 181/277/18 182/278/18
f 205/297/18 206/298/18 193/271/18 165/233/18
f 200/299/18 237/300/18 252/284/18 207/301/18
f 173/302/18 178/303/18 197/272/18 196/244/18
f 228/304/18 173/302/18 196/244/18 195/243/18
f 251/305/18 175/306/18 198/241/18 199/257/18
f 175/306/18 159/307/18 258/242/18 198/241/18
f 214/308/18 254/288/18 239/309/18 259/310/18
f 226/311/18 227/312/18 183/273/18 197/272/18
f 252/284/18 193/271/18 206/298/18 207/301/18
f 262/313/18 200/299/18 207/301/18 226/311/18
f 225/296/18 227/312/18 206/298/18 205/297/18
f 165/233/18 164/236/18 204/314/18 205/297/18
f 164/236/18 163/238/18 203/315/18 204/314/18
f 163/238/18 162/240/18 202/316/18 203/315/18
f 162/240/18 238/265/18 201/317/18 202/316/18
f 220/266/18 214/308/18 259/310/18 260/318/18
f 194/270/18 213/319/18 212/320/18 169/234/18
f 169/234/18 212/320/18 211/321/18 168/235/18
f 168/235/18 211/321/18 210/322/18 167/237/18
f 167/237/18 210/322/18 209/323/18 166/239/18
f 166/239/18 209/323/18 208/324/18 240/264/18
f 254/288/18 214/308/18 213/319/18 194/270/18
f 199/257/18 220/266/18 260/318/18 251/305/18
f 213/319/18 219/267/18 218/283/18 212/320/18
f 212/320/18 218/283/18 217/282/18 211/321/18
f 211/321/18 217/282/18 216/281/18 210/322/18
f 210/322/18 216/281/18 215/279/18 209/323/18
f 209/323/18 215/279/18 261/280/18 208/324/18
f 214/308/18 220/266/18 219/267/18 213/319/18
f 182/278/18 183/273/18 227/312/18 225/296/18
f 178/303/18 262/313/18 226/311/18 197/272/18
f 207/301/18 206/298/18 227/312/18 226/311/18
f 205/297/18 204/314/18 224/295/18 225/296/18
f 204/314/18 203/315/18 223/294/18 224/295/18
f 203/315/18 202/316/18 222/292/18 223/294/18
f 202/316/18 201/317/18 221/293/18 222/292/18
f 144/105/2 145/108/2 192/325/2 255/326/2
f 145/108/3 146/110/3 257/327/3 192/325/3
f 146/110/4 147/112/4 256/328/4 257/327/4
f 147/112/5 148/114/5 254/329/5 256/328/5
f 158/115/6 136/118/6 249/330/6 221/331/6
f 124/119/6 151/122/6 201/332/6 238/333/6
f 151/122/6 158/115/6 221/331/6 201/332/6
f 178/334/7 135/126/7 157/125/7 262/335/7
f 259/336/8 153/130/8 156/129/8 260/337/8
f 250/338/6 138/134/6 155/133/6 261/339/6
f 261/339/6 155/133/6 154/136/6 208/340/6
f 239/341/9 120/138/9 153/130/9 259/336/9
f 262/335/10 157/125/10 152/140/10 200/342/10
f 159/343/11 116/144/11 150/143/11 258/344/11
f 241/345/12 111/148/12 149/147/12 195/346/12
f 253/347/13 252/348/13 143/151/13 142/150/13
f 191/349/14 253/347/14 142/150/14 141/154/14
f 190/350/15 191/349/15 141/154/15 140/156/15
f 189/351/16 190/350/16 140/156/16 139/158/16
f 254/329/12 148/114/12 120/138/12 239/341/12
f 176/352/6 133/160/6 138/134/6 250/338/6
f 260/337/17 156/129/17 137/162/17 251/353/17
f 173/354/9 109/164/9 135/126/9 178/334/9
f 175/355/9 134/168/9 116/167/9 159/356/9
f 247/357/9 121/172/9 123/171/9 234/358/9
f 195/346/12 149/147/12 110/174/12 228/359/12
f 161/360/6 122/178/6 129/177/6 246/361/6
f 245/362/9 128/182/9 108/181/9 232/363/9
f 200/342/9 152/140/9 118/184/9 237/364/9
f 230/365/6 107/186/6 133/160/6 176/352/6
f 172/366/6 131/190/6 112/189/6 235/367/6
f 249/330/6 136/118/6 114/192/6 170/368/6
f 251/353/9 137/162/9 134/168/9 175/355/9
f 242/369/11 115/196/11 106/195/11 236/370/11
f 208/340/6 154/136/6 125/198/6 240/371/6
f 233/372/9 130/202/9 132/201/9 244/373/9
f 244/373/12 132/201/12 131/190/12 172/366/12
f 160/374/12 127/204/12 130/202/12 233/372/12
f 246/361/11 129/177/11 128/182/11 245/362/11
f 237/364/11 118/184/11 143/151/11 252/348/11
f 171/375/6 126/206/6 127/204/6 160/374/6
f 243/376/12 119/208/12 126/206/12 171/375/12
f 240/371/6 125/198/6 124/119/6 238/333/6
f 234/358/11 123/171/11 122/178/11 161/360/11
f 248/377/11 105/210/11 121/172/11 247/357/11
f 231/378/9 117/212/9 119/208/9 243/376/9
f 229/379/12 113/214/12 117/212/12 231/378/12
f 258/344/11 150/143/11 115/196/11 242/369/11
f 170/368/6 114/192/6 113/216/6 229/380/6
f 235/367/12 112/189/12 111/148/12 241/345/12
f 228/381/9 110/218/9 109/164/9 173/354/9
f 232/363/11 108/181/11 107/220/11 230/382/11
f 236/370/6 106/195/6 105/210/6 248/377/6
f 189/351/9 139/158/9 144/105/9 255/326/9
f 278/383/1 461/384/1 460/385/1 453/386/1 454/387/1 263/388/1
f 297/389/18 264/390/18 457/391/18 456/392/18 463/393/18 465/394/18
f 459/395/9 318/396/9 362/397/9 464/398/9
f 453/399/19 460/400/19 463/401/19 456/402/19
f 280/403/1 351/404/1 318/405/1 265/406/1
f 279/407/1 348/408/1 320/409/1 268/410/1
f 311/411/1 415/412/1 324/413/1 271/414/1
f 282/415/1 357/416/1 329/417/1 274/418/1
f 281/419/1 354/420/1 330/421/1 275/422/1
f 313/423/1 419/424/1 331/425/1 276/426/1
f 283/427/18 297/389/18 465/394/18 464/428/18 362/429/18
f 440/430/1 420/431/1 345/432/1 435/433/1
f 354/420/1 355/434/1 344/435/1 330/421/1
f 357/416/1 358/436/1 343/437/1 329/417/1
f 428/438/1 412/439/1 342/440/1 424/441/1
f 434/442/1 416/443/1 339/444/1 430/445/1
f 348/408/1 349/446/1 336/447/1 320/409/1
f 351/404/1 352/448/1 333/449/1 318/405/1
f 322/450/1 337/451/1 349/446/1 348/408/1
f 337/451/1 321/452/1 347/453/1 349/446/1
f 269/454/1 322/450/1 348/408/1 279/407/1
f 319/455/1 334/456/1 352/448/1 351/404/1
f 266/457/1 319/455/1 351/404/1 280/403/1
f 334/456/1 316/458/1 350/459/1 352/448/1
f 326/460/1 340/461/1 355/434/1 354/420/1
f 272/462/1 326/460/1 354/420/1 281/419/1
f 340/461/1 325/463/1 353/464/1 355/434/1
f 317/465/1 335/466/1 358/436/1 357/416/1
f 267/467/1 317/465/1 357/416/1 282/415/1
f 335/466/1 315/468/1 356/469/1 358/436/1
f 299/470/18 283/427/18 362/429/18 395/471/18
f 298/472/18 286/473/18 364/474/18 392/475/18
f 312/476/18 289/477/18 368/478/18 417/479/18
f 310/480/18 292/481/18 372/482/18 413/483/18
f 301/484/18 293/485/18 373/486/18 401/487/18
f 300/488/18 294/489/18 374/490/18 398/491/18
f 314/492/18 295/493/18 375/494/18 421/495/18
f 418/496/20 433/497/20 450/498/20 449/499/20
f 398/491/18 374/490/18 388/500/18 399/501/18
f 401/487/18 373/486/18 387/502/18 402/503/18
f 437/504/21 389/505/21 446/506/21 445/507/21
f 433/497/22 432/508/22 441/509/22 450/498/22
f 392/475/18 364/474/18 380/510/18 393/511/18
f 395/471/18 362/429/18 377/512/18 396/513/18
f 366/514/18 392/475/18 393/511/18 381/515/18
f 381/515/18 393/511/18 391/516/18 365/517/18
f 287/518/18 298/472/18 392/475/18 366/514/18
f 363/519/18 395/471/18 396/513/18 378/520/18
f 284/521/18 299/470/18 395/471/18 363/519/18
f 378/520/18 396/513/18 394/522/18 360/523/18
f 370/524/18 398/491/18 399/501/18 384/525/18
f 290/526/18 300/488/18 398/491/18 370/524/18
f 384/525/18 399/501/18 397/527/18 369/528/18
f 361/529/18 401/487/18 402/503/18 379/530/18
f 285/531/18 301/484/18 401/487/18 361/529/18
f 379/530/18 402/503/18 400/532/18 359/533/18
f 358/534/23 356/535/23 400/536/23 402/537/23
f 412/538/24 341/539/24 385/540/24 414/541/24
f 265/406/1 318/405/1 459/542/1 461/384/1 278/383/1
f 336/543/25 349/544/25 393/545/25 380/546/25
f 327/547/1 467/548/1 274/418/1 329/417/1
f 416/549/26 338/550/26 382/551/26 418/552/26
f 347/553/27 321/554/27 365/555/27 391/556/27
f 349/544/28 347/553/28 391/556/28 393/545/28
f 321/554/29 337/557/29 381/558/29 365/555/29
f 333/559/30 352/560/30 396/561/30 377/562/30
f 318/396/28 333/559/28 377/562/28 362/397/28
f 334/563/29 319/564/29 363/565/29 378/566/29
f 317/567/11 267/568/11 285/569/11 361/570/11
f 315/571/11 335/572/11 379/573/11 359/574/11
f 320/575/31 336/543/31 380/546/31 364/576/31
f 352/560/28 350/577/28 394/578/28 396/561/28
f 337/557/29 322/579/29 366/580/29 381/558/29
f 429/581/29 323/582/29 367/583/29 431/584/29
f 353/585/32 325/586/32 369/587/32 397/588/32
f 344/589/33 355/590/33 399/591/33 388/592/33
f 430/593/21 339/594/21 383/595/21 432/596/21
f 340/597/29 326/598/29 370/599/29 384/600/29
f 325/586/29 340/597/29 384/600/29 369/587/29
f 423/601/29 327/602/29 371/603/29 425/604/29
f 356/535/34 315/605/34 359/606/34 400/536/34
f 424/607/21 342/608/21 386/609/21 426/610/21
f 355/590/28 353/585/28 397/588/28 399/591/28
f 329/611/31 343/612/31 387/613/31 373/614/31
f 350/577/35 316/615/35 360/616/35 394/578/35
f 330/617/31 344/589/31 388/592/31 374/618/31
f 316/615/29 334/563/29 378/566/29 360/616/29
f 343/612/36 358/534/36 402/537/36 387/613/36
f 435/619/21 345/620/21 389/505/21 437/504/21
f 335/572/11 317/567/11 361/570/11 379/573/11
f 436/621/29 332/622/29 376/623/29 438/624/29
f 420/625/37 346/626/37 390/627/37 422/628/37
f 287/629/38 366/630/38 407/631/38 306/632/38
f 332/633/1 277/634/1 268/410/1 320/409/1
f 319/455/1 266/457/1 276/426/1 331/425/1
f 322/450/1 269/454/1 271/414/1 324/413/1
f 364/474/18 286/473/18 296/635/18 376/636/18
f 375/494/18 295/493/18 284/521/18 363/519/18
f 332/622/39 320/575/39 364/576/39 376/623/39
f 319/564/40 331/637/40 375/638/40 363/565/40
f 403/639/1 302/640/1 305/641/1 406/642/1
f 404/643/1 303/644/1 304/645/1 405/646/1
f 410/647/18 309/648/18 308/649/18 409/650/18
f 408/651/18 307/652/18 306/653/18 407/654/18
f 291/655/41 371/656/41 409/657/41 308/658/41
f 368/659/42 289/660/42 307/652/42 408/651/42
f 373/661/43 293/662/43 309/648/43 410/647/43
f 342/608/24 412/538/24 414/541/24 386/609/24
f 425/663/18 427/664/18 414/665/18 385/666/18
f 291/667/18 310/480/18 413/483/18 371/668/18
f 423/669/1 341/670/1 412/439/1 428/438/1
f 339/594/26 416/549/26 418/552/26 383/595/26
f 431/671/18 433/672/18 418/673/18 382/674/18
f 288/675/18 312/476/18 417/479/18 367/676/18
f 429/677/1 338/678/1 416/443/1 434/442/1
f 270/679/1 323/680/1 415/412/1 311/411/1
f 345/620/37 420/625/37 422/628/37 389/505/37
f 438/681/18 439/682/18 422/683/18 390/684/18
f 296/635/18 314/492/18 421/495/18 376/636/18
f 436/685/1 346/686/1 420/431/1 440/430/1
f 277/634/1 332/633/1 419/424/1 313/423/1
f 327/547/1 423/669/1 428/438/1 411/687/1
f 371/668/18 413/483/18 427/664/18 425/663/18
f 328/688/21 424/607/21 426/610/21 372/689/21
f 341/539/29 423/601/29 425/604/29 385/540/29
f 413/483/18 372/482/18 426/690/18 427/664/18
f 411/687/1 428/438/1 424/441/1 328/691/1
f 323/680/1 429/677/1 434/442/1 415/412/1
f 367/676/18 417/479/18 433/672/18 431/671/18
f 324/692/21 430/593/21 432/596/21 368/693/21
f 338/550/29 429/581/29 431/584/29 382/551/29
f 417/479/18 368/478/18 432/694/18 433/672/18
f 415/412/1 434/442/1 430/445/1 324/413/1
f 332/633/1 436/685/1 440/430/1 419/424/1
f 376/636/18 421/495/18 439/682/18 438/681/18
f 346/626/29 436/621/29 438/624/29 390/627/29
f 331/637/21 435/619/21 437/504/21 375/638/21
f 421/495/18 375/494/18 437/695/18 439/682/18
f 419/424/1 440/430/1 435/433/1 331/425/1
f 452/696/18 445/697/18 446/698/18 451/699/18
f 448/700/18 443/701/18 444/702/18 447/703/18
f 450/704/18 441/705/18 442/706/18 449/707/18
f 426/610/21 386/609/21 444/708/21 443/709/21
f 414/710/20 427/711/20 448/712/20 447/713/20
f 383/595/26 418/552/26 449/714/26 442/715/26
f 432/596/21 383/595/21 442/715/21 441/716/21
f 386/609/24 414/541/24 447/717/24 444/708/24
f 422/718/20 439/719/20 452/720/20 451/721/20
f 427/722/44 426/723/44 443/724/44 448/725/44
f 389/505/37 422/628/37 451/726/37 446/506/37
f 439/727/45 437/728/45 445/729/45 452/730/45
f 453/386/1 455/731/1 454/387/1
f 458/732/18 456/392/18 457/391/18
f 459/542/1 462/733/1 461/384/1
f 462/733/1 460/385/1 461/384/1
f 463/393/18 466/734/18 465/394/18
f 466/734/18 464/428/18 465/394/18
f 458/735/46 455/736/46 453/399/46 456/402/46
f 463/401/47 460/400/47 462/737/47 466/738/47
f 466/738/48 462/737/48 459/395/48 464/398/48
f 366/580/49 322/579/49 324/692/49 368/693/49
f 408/739/49 407/740/49 366/580/49 368/693/49
f 326/460/1 272/462/1 273/741/1 328/691/1
f 467/548/1 327/547/1 411/687/1 328/691/1 273/741/1
f 370/742/50 404/743/50 303/744/50 290/745/50
f 372/746/51 292/747/51 304/645/51 405/646/51
f 405/748/52 372/689/52 370/599/52 404/749/52
f 326/598/53 328/688/53 372/689/53 370/599/53
f 329/611/54 373/614/54 371/603/54 327/602/54
f 409/750/54 371/603/54 373/614/54 410/751/54
f 374/752/55 294/753/55 305/641/55 406/642/55
f 367/754/50 403/755/50 302/756/50 288/757/50
f 403/758/56 406/759/56 374/618/56 367/583/56
f 330/617/57 374/618/57 367/583/57 323/582/57
f 323/680/1 270/679/1 275/422/1 330/421/1
f 619/760/1 965/761/1 964/762/1 943/763/1 945/764/1 263/388/1
f 638/765/18 264/390/18 950/766/18 949/767/18 968/768/18 970/769/18
f 265/406/1 278/383/1 955/770/1 954/771/1 471/772/1
f 278/383/1 263/388/1 945/764/1 944/773/1 953/774/1 955/770/1
f 280/403/1 265/406/1 471/772/1 504/775/1
f 279/407/1 268/410/1 473/776/1 501/777/1
f 311/411/1 271/414/1 477/778/1 568/779/1
f 282/415/1 274/418/1 482/780/1 510/781/1
f 281/419/1 275/422/1 483/782/1 507/783/1
f 313/423/1 276/426/1 484/784/1 572/785/1
f 963/786/6 808/787/6 852/788/6 969/789/6
f 593/790/1 588/791/1 498/792/1 573/793/1
f 507/783/1 483/782/1 497/794/1 508/795/1
f 510/781/1 482/780/1 496/796/1 511/797/1
f 581/798/1 577/799/1 495/800/1 565/801/1
f 587/802/1 583/803/1 492/804/1 569/805/1
f 501/777/1 473/776/1 489/806/1 502/807/1
f 504/775/1 471/772/1 486/808/1 505/809/1
f 475/810/1 501/777/1 502/807/1 490/811/1
f 490/811/1 502/807/1 500/812/1 474/813/1
f 269/454/1 279/407/1 501/777/1 475/810/1
f 472/814/1 504/775/1 505/809/1 487/815/1
f 266/457/1 280/403/1 504/775/1 472/814/1
f 487/815/1 505/809/1 503/816/1 469/817/1
f 479/818/1 507/783/1 508/795/1 493/819/1
f 272/462/1 281/419/1 507/783/1 479/818/1
f 493/819/1 508/795/1 506/820/1 478/821/1
f 470/822/1 510/781/1 511/797/1 488/823/1
f 267/467/1 282/415/1 510/781/1 470/822/1
f 488/823/1 511/797/1 509/824/1 468/825/1
f 299/470/18 548/826/18 515/827/18 283/427/18
f 298/472/18 545/828/18 517/829/18 286/473/18
f 312/476/18 570/830/18 521/831/18 289/477/18
f 310/480/18 566/832/18 525/833/18 292/481/18
f 301/484/18 554/834/18 526/835/18 293/485/18
f 300/488/18 551/836/18 527/837/18 294/489/18
f 314/492/18 574/838/18 528/839/18 295/493/18
f 571/840/58 602/841/58 603/842/58 586/843/58
f 551/836/18 552/844/18 541/845/18 527/837/18
f 554/834/18 555/846/18 540/847/18 526/835/18
f 590/848/59 598/849/59 599/850/59 542/851/59
f 586/843/60 603/842/60 594/852/60 585/853/60
f 545/828/18 546/854/18 533/855/18 517/829/18
f 548/826/18 549/856/18 530/857/18 515/827/18
f 519/858/18 534/859/18 546/854/18 545/828/18
f 534/859/18 518/860/18 544/861/18 546/854/18
f 287/518/18 519/858/18 545/828/18 298/472/18
f 516/862/18 531/863/18 549/856/18 548/826/18
f 284/521/18 516/862/18 548/826/18 299/470/18
f 531/863/18 513/864/18 547/865/18 549/856/18
f 523/866/18 537/867/18 552/844/18 551/836/18
f 290/526/18 523/866/18 551/836/18 300/488/18
f 537/867/18 522/868/18 550/869/18 552/844/18
f 514/870/18 532/871/18 555/846/18 554/834/18
f 285/531/18 514/870/18 554/834/18 301/484/18
f 532/871/18 512/872/18 553/873/18 555/846/18
f 511/874/61 555/875/61 553/876/61 509/877/61
f 565/878/62 567/879/62 538/880/62 494/881/62
f 283/427/18 515/827/18 958/882/18 960/883/18 297/389/18
f 489/884/63 533/885/63 546/886/63 502/887/63
f 480/888/1 482/780/1 274/418/1 467/548/1
f 569/889/64 571/890/64 535/891/64 491/892/64
f 500/893/65 544/894/65 518/895/65 474/896/65
f 502/887/66 546/886/66 544/894/66 500/893/66
f 474/896/67 518/895/67 534/897/67 490/898/67
f 486/899/68 530/900/68 549/901/68 505/902/68
f 471/903/66 515/904/66 530/900/66 486/899/66
f 487/905/67 531/906/67 516/907/67 472/908/67
f 470/909/11 514/910/11 285/569/11 267/568/11
f 468/911/11 512/912/11 532/913/11 488/914/11
f 473/915/69 517/916/69 533/885/69 489/884/69
f 505/902/66 549/901/66 547/917/66 503/918/66
f 490/898/67 534/897/67 519/919/67 475/920/67
f 582/921/67 584/922/67 520/923/67 476/924/67
f 506/925/70 550/926/70 522/927/70 478/928/70
f 497/929/71 541/930/71 552/931/71 508/932/71
f 583/933/59 585/934/59 536/935/59 492/936/59
f 493/937/67 537/938/67 523/939/67 479/940/67
f 478/928/67 522/927/67 537/938/67 493/937/67
f 576/941/67 578/942/67 524/943/67 480/944/67
f 509/877/72 553/876/72 512/945/72 468/946/72
f 577/947/59 579/948/59 539/949/59 495/950/59
f 508/932/66 552/931/66 550/926/66 506/925/66
f 482/951/69 526/952/69 540/953/69 496/954/69
f 503/918/73 547/917/73 513/955/73 469/956/73
f 483/957/69 527/958/69 541/930/69 497/929/69
f 469/956/67 513/955/67 531/906/67 487/905/67
f 496/954/74 540/953/74 555/875/74 511/874/74
f 588/959/59 590/848/59 542/851/59 498/960/59
f 488/914/11 532/913/11 514/910/11 470/909/11
f 589/961/67 591/962/67 529/963/67 485/964/67
f 573/965/75 575/966/75 543/967/75 499/968/75
f 287/629/76 306/632/76 560/969/76 519/970/76
f 485/971/1 473/776/1 268/410/1 277/634/1
f 472/814/1 484/784/1 276/426/1 266/457/1
f 475/810/1 477/778/1 271/414/1 269/454/1
f 517/829/18 529/972/18 296/635/18 286/473/18
f 528/839/18 516/862/18 284/521/18 295/493/18
f 485/964/77 529/963/77 517/916/77 473/915/77
f 472/908/78 516/907/78 528/973/78 484/974/78
f 556/975/1 559/976/1 305/641/1 302/640/1
f 557/977/1 558/978/1 304/645/1 303/644/1
f 563/979/18 562/980/18 308/649/18 309/648/18
f 561/981/18 560/982/18 306/653/18 307/652/18
f 291/655/79 308/658/79 562/983/79 524/984/79
f 521/985/80 561/981/80 307/652/80 289/986/80
f 526/987/81 563/979/81 309/648/81 293/988/81
f 495/950/62 539/949/62 567/879/62 565/878/62
f 578/989/18 538/990/18 567/991/18 580/992/18
f 291/667/18 524/993/18 566/832/18 310/480/18
f 576/994/1 581/798/1 565/801/1 494/995/1
f 492/936/64 536/935/64 571/890/64 569/889/64
f 584/996/18 535/997/18 571/998/18 586/999/18
f 288/675/18 520/1000/18 570/830/18 312/476/18
f 582/1001/1 587/802/1 569/805/1 491/1002/1
f 270/679/1 311/411/1 568/779/1 476/1003/1
f 498/960/75 542/851/75 575/966/75 573/965/75
f 591/1004/18 543/1005/18 575/1006/18 592/1007/18
f 296/635/18 529/972/18 574/838/18 314/492/18
f 589/1008/1 593/790/1 573/793/1 499/1009/1
f 277/634/1 313/423/1 572/785/1 485/971/1
f 480/888/1 564/1010/1 581/798/1 576/994/1
f 524/993/18 578/989/18 580/992/18 566/832/18
f 481/1011/59 525/1012/59 579/948/59 577/947/59
f 494/881/67 538/880/67 578/942/67 576/941/67
f 566/832/18 580/992/18 579/1013/18 525/833/18
f 564/1010/1 481/1014/1 577/799/1 581/798/1
f 476/1003/1 568/779/1 587/802/1 582/1001/1
f 520/1000/18 584/996/18 586/999/18 570/830/18
f 477/1015/59 521/1016/59 585/934/59 583/933/59
f 491/892/67 535/891/67 584/922/67 582/921/67
f 570/830/18 586/999/18 585/1017/18 521/831/18
f 568/779/1 477/778/1 583/803/1 587/802/1
f 485/971/1 572/785/1 593/790/1 589/1008/1
f 529/972/18 591/1004/18 592/1007/18 574/838/18
f 499/968/67 543/967/67 591/962/67 589/961/67
f 484/974/59 528/973/59 590/848/59 588/959/59
f 574/838/18 592/1007/18 590/1018/18 528/839/18
f 572/785/1 484/784/1 588/791/1 593/790/1
f 605/1019/18 604/1020/18 599/1021/18 598/1022/18
f 601/1023/18 600/1024/18 597/1025/18 596/1026/18
f 603/1027/18 602/1028/18 595/1029/18 594/1030/18
f 579/948/59 596/1031/59 597/1032/59 539/949/59
f 567/1033/58 600/1034/58 601/1035/58 580/1036/58
f 536/935/64 595/1037/64 602/1038/64 571/890/64
f 585/934/59 594/1039/59 595/1037/59 536/935/59
f 539/949/62 597/1032/62 600/1040/62 567/879/62
f 575/1041/58 604/1042/58 605/1043/58 592/1044/58
f 580/1045/82 601/1046/82 596/1047/82 579/1048/82
f 542/851/75 599/850/75 604/1049/75 575/966/75
f 592/1050/83 605/1051/83 598/1052/83 590/1053/83
f 519/919/84 521/1016/84 477/1015/84 475/920/84
f 561/1054/84 521/1016/84 519/919/84 560/1055/84
f 479/818/1 481/1014/1 273/741/1 272/462/1
f 467/548/1 273/741/1 481/1014/1 564/1010/1 480/888/1
f 523/1056/85 290/745/85 303/744/85 557/1057/85
f 525/1058/86 558/978/86 304/645/86 292/1059/86
f 558/1060/87 557/1061/87 523/939/87 525/1012/87
f 479/940/88 523/939/88 525/1012/88 481/1011/88
f 482/951/89 480/944/89 524/943/89 526/952/89
f 562/1062/89 563/1063/89 526/952/89 524/943/89
f 527/1064/90 559/976/90 305/641/90 294/1065/90
f 520/1066/85 288/757/85 302/756/85 556/1067/85
f 556/1068/91 520/923/91 527/958/91 559/1069/91
f 483/957/92 476/924/92 520/923/92 527/958/92
f 476/1003/1 483/782/1 275/422/1 270/679/1
f 619/760/1 263/388/1 454/387/1 794/1070/1 797/1071/1 798/1072/1
f 638/765/18 802/1073/18 800/1074/18 795/1075/18 457/391/18 264/390/18
f 796/1076/9 801/1077/9 703/1078/9 659/1079/9
f 794/1080/93 795/1081/93 800/1082/93 797/1083/93
f 621/1084/1 606/1085/1 659/1086/1 692/1087/1
f 620/1088/1 609/1089/1 661/1090/1 689/1091/1
f 652/1092/1 612/1093/1 665/1094/1 756/1095/1
f 623/1096/1 615/1097/1 670/1098/1 698/1099/1
f 622/1100/1 616/1101/1 671/1102/1 695/1103/1
f 654/1104/1 617/1105/1 672/1106/1 760/1107/1
f 624/1108/18 703/1109/18 801/1110/18 802/1073/18 638/765/18
f 781/1111/1 776/1112/1 686/1113/1 761/1114/1
f 695/1103/1 671/1102/1 685/1115/1 696/1116/1
f 698/1099/1 670/1098/1 684/1117/1 699/1118/1
f 769/1119/1 765/1120/1 683/1121/1 753/1122/1
f 775/1123/1 771/1124/1 680/1125/1 757/1126/1
f 689/1091/1 661/1090/1 677/1127/1 690/1128/1
f 692/1087/1 659/1086/1 674/1129/1 693/1130/1
f 663/1131/1 689/1091/1 690/1128/1 678/1132/1
f 678/1132/1 690/1128/1 688/1133/1 662/1134/1
f 610/1135/1 620/1088/1 689/1091/1 663/1131/1
f 660/1136/1 692/1087/1 693/1130/1 675/1137/1
f 607/1138/1 621/1084/1 692/1087/1 660/1136/1
f 675/1137/1 693/1130/1 691/1139/1 657/1140/1
f 667/1141/1 695/1103/1 696/1116/1 681/1142/1
f 613/1143/1 622/1100/1 695/1103/1 667/1141/1
f 681/1142/1 696/1116/1 694/1144/1 666/1145/1
f 658/1146/1 698/1099/1 699/1118/1 676/1147/1
f 608/1148/1 623/1096/1 698/1099/1 658/1146/1
f 676/1147/1 699/1118/1 697/1149/1 656/1150/1
f 640/1151/18 736/1152/18 703/1109/18 624/1108/18
f 639/1153/18 733/1154/18 705/1155/18 627/1156/18
f 653/1157/18 758/1158/18 709/1159/18 630/1160/18
f 651/1161/18 754/1162/18 713/1163/18 633/1164/18
f 642/1165/18 742/1166/18 714/1167/18 634/1168/18
f 641/1169/18 739/1170/18 715/1171/18 635/1172/18
f 655/1173/18 762/1174/18 716/1175/18 636/1176/18
f 759/1177/94 790/1178/94 791/1179/94 774/1180/94
f 739/1170/18 740/1181/18 729/1182/18 715/1171/18
f 742/1166/18 743/1183/18 728/1184/18 714/1167/18
f 778/1185/95 786/1186/95 787/1187/95 730/1188/95
f 774/1180/96 791/1179/96 782/1189/96 773/1190/96
f 733/1154/18 734/1191/18 721/1192/18 705/1155/18
f 736/1152/18 737/1193/18 718/1194/18 703/1109/18
f 707/1195/18 722/1196/18 734/1191/18 733/1154/18
f 722/1196/18 706/1197/18 732/1198/18 734/1191/18
f 628/1199/18 707/1195/18 733/1154/18 639/1153/18
f 704/1200/18 719/1201/18 737/1193/18 736/1152/18
f 625/1202/18 704/1200/18 736/1152/18 640/1151/18
f 719/1201/18 701/1203/18 735/1204/18 737/1193/18
f 711/1205/18 725/1206/18 740/1181/18 739/1170/18
f 631/1207/18 711/1205/18 739/1170/18 641/1169/18
f 725/1206/18 710/1208/18 738/1209/18 740/1181/18
f 702/1210/18 720/1211/18 743/1183/18 742/1166/18
f 626/1212/18 702/1210/18 742/1166/18 642/1165/18
f 720/1211/18 700/1213/18 741/1214/18 743/1183/18
f 699/1215/97 743/1216/97 741/1217/97 697/1218/97
f 753/1219/98 755/1220/98 726/1221/98 682/1222/98
f 606/1085/1 619/760/1 798/1072/1 796/1223/1 659/1086/1
f 677/1224/99 721/1225/99 734/1226/99 690/1227/99
f 668/1228/1 670/1098/1 615/1097/1 804/1229/1
f 757/1230/100 759/1231/100 723/1232/100 679/1233/100
f 688/1234/101 732/1235/101 706/1236/101 662/1237/101
f 690/1227/67 734/1226/67 732/1235/67 688/1234/67
f 662/1237/66 706/1236/66 722/1238/66 678/1239/66
f 674/1240/102 718/1241/102 737/1242/102 693/1243/102
f 659/1079/67 703/1078/67 718/1241/67 674/1240/67
f 675/1244/66 719/1245/66 704/1246/66 660/1247/66
f 658/1248/12 702/1249/12 626/1250/12 608/1251/12
f 656/1252/12 700/1253/12 720/1254/12 676/1255/12
f 661/1256/103 705/1257/103 721/1225/103 677/1224/103
f 693/1243/67 737/1242/67 735/1258/67 691/1259/67
f 678/1239/66 722/1238/66 707/1260/66 663/1261/66
f 770/1262/66 772/1263/66 708/1264/66 664/1265/66
f 694/1266/104 738/1267/104 710/1268/104 666/1269/104
f 685/1270/105 729/1271/105 740/1272/105 696/1273/105
f 771/1274/95 773/1275/95 724/1276/95 680/1277/95
f 681/1278/66 725/1279/66 711/1280/66 667/1281/66
f 666/1269/66 710/1268/66 725/1279/66 681/1278/66
f 764/1282/66 766/1283/66 712/1284/66 668/1285/66
f 697/1218/106 741/1217/106 700/1286/106 656/1287/106
f 765/1288/95 767/1289/95 727/1290/95 683/1291/95
f 696/1273/67 740/1272/67 738/1267/67 694/1266/67
f 670/1292/103 714/1293/103 728/1294/103 684/1295/103
f 691/1259/107 735/1258/107 701/1296/107 657/1297/107
f 671/1298/103 715/1299/103 729/1271/103 685/1270/103
f 657/1297/66 701/1296/66 719/1245/66 675/1244/66
f 684/1295/108 728/1294/108 743/1216/108 699/1215/108
f 776/1300/95 778/1185/95 730/1188/95 686/1301/95
f 676/1255/12 720/1254/12 702/1249/12 658/1248/12
f 777/1302/66 779/1303/66 717/1304/66 673/1305/66
f 761/1306/109 763/1307/109 731/1308/109 687/1309/109
f 628/1310/110 647/1311/110 748/1312/110 707/1313/110
f 673/1314/1 661/1090/1 609/1089/1 618/1315/1
f 660/1136/1 672/1106/1 617/1105/1 607/1138/1
f 663/1131/1 665/1094/1 612/1093/1 610/1135/1
f 705/1155/18 717/1316/18 637/1317/18 627/1156/18
f 716/1175/18 704/1200/18 625/1202/18 636/1176/18
f 673/1305/111 717/1304/111 705/1257/111 661/1256/111
f 660/1247/112 704/1246/112 716/1318/112 672/1319/112
f 744/1320/1 747/1321/1 646/1322/1 643/1323/1
f 745/1324/1 746/1325/1 645/1326/1 644/1327/1
f 751/1328/18 750/1329/18 649/1330/18 650/1331/18
f 749/1332/18 748/1333/18 647/1334/18 648/1335/18
f 632/1336/113 649/1337/113 750/1338/113 712/1339/113
f 709/1340/114 749/1332/114 648/1335/114 630/1341/114
f 714/1342/115 751/1328/115 650/1331/115 634/1343/115
f 683/1291/98 727/1290/98 755/1220/98 753/1219/98
f 766/1344/18 726/1345/18 755/1346/18 768/1347/18
f 632/1348/18 712/1349/18 754/1162/18 651/1161/18
f 764/1350/1 769/1119/1 753/1122/1 682/1351/1
f 680/1277/100 724/1276/100 759/1231/100 757/1230/100
f 772/1352/18 723/1353/18 759/1354/18 774/1355/18
f 629/1356/18 708/1357/18 758/1158/18 653/1157/18
f 770/1358/1 775/1123/1 757/1126/1 679/1359/1
f 611/1360/1 652/1092/1 756/1095/1 664/1361/1
f 686/1301/109 730/1188/109 763/1307/109 761/1306/109
f 779/1362/18 731/1363/18 763/1364/18 780/1365/18
f 637/1317/18 717/1316/18 762/1174/18 655/1173/18
f 777/1366/1 781/1111/1 761/1114/1 687/1367/1
f 618/1315/1 654/1104/1 760/1107/1 673/1314/1
f 668/1228/1 752/1368/1 769/1119/1 764/1350/1
f 712/1349/18 766/1344/18 768/1347/18 754/1162/18
f 669/1369/95 713/1370/95 767/1289/95 765/1288/95
f 682/1222/66 726/1221/66 766/1283/66 764/1282/66
f 754/1162/18 768/1347/18 767/1371/18 713/1163/18
f 752/1368/1 669/1372/1 765/1120/1 769/1119/1
f 664/1361/1 756/1095/1 775/1123/1 770/1358/1
f 708/1357/18 772/1352/18 774/1355/18 758/1158/18
f 665/1373/95 709/1374/95 773/1275/95 771/1274/95
f 679/1233/66 723/1232/66 772/1263/66 770/1262/66
f 758/1158/18 774/1355/18 773/1375/18 709/1159/18
f 756/1095/1 665/1094/1 771/1124/1 775/1123/1
f 673/1314/1 760/1107/1 781/1111/1 777/1366/1
f 717/1316/18 779/1362/18 780/1365/18 762/1174/18
f 687/1309/66 731/1308/66 779/1303/66 777/1302/66
f 672/1319/95 716/1318/95 778/1185/95 776/1300/95
f 762/1174/18 780/1365/18 778/1376/18 716/1175/18
f 760/1107/1 672/1106/1 776/1112/1 781/1111/1
f 793/1377/18 792/1378/18 787/1379/18 786/1380/18
f 789/1381/18 788/1382/18 785/1383/18 784/1384/18
f 791/1385/18 790/1386/18 783/1387/18 782/1388/18
f 767/1289/95 784/1389/95 785/1390/95 727/1290/95
f 755/1391/94 788/1392/94 789/1393/94 768/1394/94
f 724/1276/100 783/1395/100 790/1396/100 759/1231/100
f 773/1275/95 782/1397/95 783/1395/95 724/1276/95
f 727/1290/98 785/1390/98 788/1398/98 755/1220/98
f 763/1399/94 792/1400/94 793/1401/94 780/1402/94
f 768/1403/116 789/1404/116 784/1405/116 767/1406/116
f 730/1188/109 787/1187/109 792/1407/109 763/1307/109
f 780/1408/117 793/1409/117 786/1410/117 778/1411/117
f 794/1070/1 454/387/1 455/731/1
f 458/732/18 457/391/18 795/1075/18
f 796/1223/1 798/1072/1 799/1412/1
f 799/1412/1 798/1072/1 797/1071/1
f 800/1074/18 802/1073/18 803/1413/18
f 803/1413/18 802/1073/18 801/1110/18
f 458/1414/118 795/1081/118 794/1080/118 455/1415/118
f 800/1082/119 803/1416/119 799/1417/119 797/1083/119
f 803/1416/120 801/1077/120 796/1076/120 799/1417/120
f 707/1260/121 709/1374/121 665/1373/121 663/1261/121
f 749/1418/121 709/1374/121 707/1260/121 748/1419/121
f 667/1141/1 669/1372/1 614/1420/1 613/1143/1
f 804/1229/1 614/1420/1 669/1372/1 752/1368/1 668/1228/1
f 711/1421/122 631/1422/122 644/1423/122 745/1424/122
f 713/1425/123 746/1325/123 645/1326/123 633/1426/123
f 746/1427/88 745/1428/88 711/1280/88 713/1370/88
f 667/1281/87 711/1280/87 713/1370/87 669/1369/87
f 670/1292/124 668/1285/124 712/1284/124 714/1293/124
f 750/1429/124 751/1430/124 714/1293/124 712/1284/124
f 715/1431/125 747/1321/125 646/1322/125 635/1432/125
f 708/1433/122 629/1434/122 643/1435/122 744/1436/122
f 744/1437/92 708/1264/92 715/1299/92 747/1438/92
f 671/1298/91 664/1265/91 708/1264/91 715/1299/91
f 664/1361/1 671/1102/1 616/1101/1 611/1360/1
f 297/389/18 960/883/18 959/1439/18 948/1440/18 950/766/18 264/390/18
f 954/1441/6 958/1442/6 515/904/6 471/903/6
f 606/1085/1 808/1443/1 963/1444/1 965/761/1 619/760/1
f 944/1445/126 948/1446/126 959/1447/126 953/1448/126
f 621/1084/1 841/1449/1 808/1443/1 606/1085/1
f 620/1088/1 838/1450/1 810/1451/1 609/1089/1
f 652/1092/1 905/1452/1 814/1453/1 612/1093/1
f 623/1096/1 847/1454/1 819/1455/1 615/1097/1
f 622/1100/1 844/1456/1 820/1457/1 616/1101/1
f 654/1104/1 909/1458/1 821/1459/1 617/1105/1
f 930/1460/1 910/1461/1 835/1462/1 925/1463/1
f 844/1456/1 845/1464/1 834/1465/1 820/1457/1
f 847/1454/1 848/1466/1 833/1467/1 819/1455/1
f 918/1468/1 902/1469/1 832/1470/1 914/1471/1
f 924/1472/1 906/1473/1 829/1474/1 920/1475/1
f 838/1450/1 839/1476/1 826/1477/1 810/1451/1
f 841/1449/1 842/1478/1 823/1479/1 808/1443/1
f 812/1480/1 827/1481/1 839/1476/1 838/1450/1
f 827/1481/1 811/1482/1 837/1483/1 839/1476/1
f 610/1135/1 812/1480/1 838/1450/1 620/1088/1
f 809/1484/1 824/1485/1 842/1478/1 841/1449/1
f 607/1138/1 809/1484/1 841/1449/1 621/1084/1
f 824/1485/1 806/1486/1 840/1487/1 842/1478/1
f 816/1488/1 830/1489/1 845/1464/1 844/1456/1
f 613/1143/1 816/1488/1 844/1456/1 622/1100/1
f 830/1489/1 815/1490/1 843/1491/1 845/1464/1
f 807/1492/1 825/1493/1 848/1466/1 847/1454/1
f 608/1148/1 807/1492/1 847/1454/1 623/1096/1
f 825/1493/1 805/1494/1 846/1495/1 848/1466/1
f 640/1151/18 624/1108/18 852/1496/18 885/1497/18
f 639/1153/18 627/1156/18 854/1498/18 882/1499/18
f 653/1157/18 630/1160/18 858/1500/18 907/1501/18
f 651/1161/18 633/1164/18 862/1502/18 903/1503/18
f 642/1165/18 634/1168/18 863/1504/18 891/1505/18
f 641/1169/18 635/1172/18 864/1506/18 888/1507/18
f 655/1173/18 636/1176/18 865/1508/18 911/1509/18
f 908/1510/127 923/1511/127 940/1512/127 939/1513/127
f 888/1507/18 864/1506/18 878/1514/18 889/1515/18
f 891/1505/18 863/1504/18 877/1516/18 892/1517/18
f 927/1518/128 879/1519/128 936/1520/128 935/1521/128
f 923/1511/129 922/1522/129 931/1523/129 940/1512/129
f 882/1499/18 854/1498/18 870/1524/18 883/1525/18
f 885/1497/18 852/1496/18 867/1526/18 886/1527/18
f 856/1528/18 882/1499/18 883/1525/18 871/1529/18
f 871/1529/18 883/1525/18 881/1530/18 855/1531/18
f 628/1199/18 639/1153/18 882/1499/18 856/1528/18
f 853/1532/18 885/1497/18 886/1527/18 868/1533/18
f 625/1202/18 640/1151/18 885/1497/18 853/1532/18
f 868/1533/18 886/1527/18 884/1534/18 850/1535/18
f 860/1536/18 888/1507/18 889/1515/18 874/1537/18
f 631/1207/18 641/1169/18 888/1507/18 860/1536/18
f 874/1537/18 889/1515/18 887/1538/18 859/1539/18
f 851/1540/18 891/1505/18 892/1517/18 869/1541/18
f 626/1212/18 642/1165/18 891/1505/18 851/1540/18
f 869/1541/18 892/1517/18 890/1542/18 849/1543/18
f 848/1544/130 846/1545/130 890/1546/130 892/1547/130
f 902/1548/131 831/1549/131 875/1550/131 904/1551/131
f 624/1108/18 638/765/18 970/769/18 969/1552/18 852/1496/18
f 826/1553/132 839/1554/132 883/1555/132 870/1556/132
f 817/1557/1 804/1229/1 615/1097/1 819/1455/1
f 906/1558/133 828/1559/133 872/1560/133 908/1561/133
f 837/1562/134 811/1563/134 855/1564/134 881/1565/134
f 839/1554/29 837/1562/29 881/1565/29 883/1555/29
f 811/1563/28 827/1566/28 871/1567/28 855/1564/28
f 823/1568/135 842/1569/135 886/1570/135 867/1571/135
f 808/787/29 823/1568/29 867/1571/29 852/788/29
f 824/1572/28 809/1573/28 853/1574/28 868/1575/28
f 807/1576/12 608/1251/12 626/1250/12 851/1577/12
f 805/1578/12 825/1579/12 869/1580/12 849/1581/12
f 810/1582/136 826/1553/136 870/1556/136 854/1583/136
f 842/1569/29 840/1584/29 884/1585/29 886/1570/29
f 827/1566/28 812/1586/28 856/1587/28 871/1567/28
f 919/1588/28 813/1589/28 857/1590/28 921/1591/28
f 843/1592/137 815/1593/137 859/1594/137 887/1595/137
f 834/1596/138 845/1597/138 889/1598/138 878/1599/138
f 920/1600/128 829/1601/128 873/1602/128 922/1603/128
f 830/1604/28 816/1605/28 860/1606/28 874/1607/28
f 815/1593/28 830/1604/28 874/1607/28 859/1594/28
f 913/1608/28 817/1609/28 861/1610/28 915/1611/28
f 846/1545/139 805/1612/139 849/1613/139 890/1546/139
f 914/1614/128 832/1615/128 876/1616/128 916/1617/128
f 845/1597/29 843/1592/29 887/1595/29 889/1598/29
f 819/1618/136 833/1619/136 877/1620/136 863/1621/136
f 840/1584/140 806/1622/140 850/1623/140 884/1585/140
f 820/1624/136 834/1596/136 878/1599/136 864/1625/136
f 806/1622/28 824/1572/28 868/1575/28 850/1623/28
f 833/1619/141 848/1544/141 892/1547/141 877/1620/141
f 925/1626/128 835/1627/128 879/1519/128 927/1518/128
f 825/1579/12 807/1576/12 851/1577/12 869/1580/12
f 926/1628/28 822/1629/28 866/1630/28 928/1631/28
f 910/1632/142 836/1633/142 880/1634/142 912/1635/142
f 628/1310/143 856/1636/143 897/1637/143 647/1311/143
f 822/1638/1 618/1315/1 609/1089/1 810/1451/1
f 809/1484/1 607/1138/1 617/1105/1 821/1459/1
f 812/1480/1 610/1135/1 612/1093/1 814/1453/1
f 854/1498/18 627/1156/18 637/1317/18 866/1639/18
f 865/1508/18 636/1176/18 625/1202/18 853/1532/18
f 822/1629/144 810/1582/144 854/1583/144 866/1630/144
f 809/1573/145 821/1640/145 865/1641/145 853/1574/145
f 893/1642/1 643/1323/1 646/1322/1 896/1643/1
f 894/1644/1 644/1327/1 645/1326/1 895/1645/1
f 900/1646/18 650/1331/18 649/1330/18 899/1647/18
f 898/1648/18 648/1335/18 647/1334/18 897/1649/18
f 632/1336/146 861/1650/146 899/1651/146 649/1337/146
f 858/1652/147 630/1653/147 648/1335/147 898/1648/147
f 863/1654/148 634/1343/148 650/1331/148 900/1646/148
f 832/1615/131 902/1548/131 904/1551/131 876/1616/131
f 915/1655/18 917/1656/18 904/1657/18 875/1658/18
f 632/1348/18 651/1161/18 903/1503/18 861/1659/18
f 913/1660/1 831/1661/1 902/1469/1 918/1468/1
f 829/1601/133 906/1558/133 908/1561/133 873/1602/133
f 921/1662/18 923/1663/18 908/1664/18 872/1665/18
f 629/1356/18 653/1157/18 907/1501/18 857/1666/18
f 919/1667/1 828/1668/1 906/1473/1 924/1472/1
f 611/1360/1 813/1669/1 905/1452/1 652/1092/1
f 835/1627/142 910/1632/142 912/1635/142 879/1519/142
f 928/1670/18 929/1671/18 912/1672/18 880/1673/18
f 637/1317/18 655/1173/18 911/1509/18 866/1639/18
f 926/1674/1 836/1675/1 910/1461/1 930/1460/1
f 618/1315/1 822/1638/1 909/1458/1 654/1104/1
f 817/1557/1 913/1660/1 918/1468/1 901/1676/1
f 861/1659/18 903/1503/18 917/1656/18 915/1655/18
f 818/1677/128 914/1614/128 916/1617/128 862/1678/128
f 831/1549/28 913/1608/28 915/1611/28 875/1550/28
f 903/1503/18 862/1502/18 916/1679/18 917/1656/18
f 901/1676/1 918/1468/1 914/1471/1 818/1680/1
f 813/1669/1 919/1667/1 924/1472/1 905/1452/1
f 857/1666/18 907/1501/18 923/1663/18 921/1662/18
f 814/1681/128 920/1600/128 922/1603/128 858/1682/128
f 828/1559/28 919/1588/28 921/1591/28 872/1560/28
f 907/1501/18 858/1500/18 922/1683/18 923/1663/18
f 905/1452/1 924/1472/1 920/1475/1 814/1453/1
f 822/1638/1 926/1674/1 930/1460/1 909/1458/1
f 866/1639/18 911/1509/18 929/1671/18 928/1670/18
f 836/1633/28 926/1628/28 928/1631/28 880/1634/28
f 821/1640/128 925/1626/128 927/1518/128 865/1641/128
f 911/1509/18 865/1508/18 927/1684/18 929/1671/18
f 909/1458/1 930/1460/1 925/1463/1 821/1459/1
f 942/1685/18 935/1686/18 936/1687/18 941/1688/18
f 938/1689/18 933/1690/18 934/1691/18 937/1692/18
f 940/1693/18 931/1694/18 932/1695/18 939/1696/18
f 916/1617/128 876/1616/128 934/1697/128 933/1698/128
f 904/1699/127 917/1700/127 938/1701/127 937/1702/127
f 873/1602/133 908/1561/133 939/1703/133 932/1704/133
f 922/1603/128 873/1602/128 932/1704/128 931/1705/128
f 876/1616/131 904/1551/131 937/1706/131 934/1697/131
f 912/1707/127 929/1708/127 942/1709/127 941/1710/127
f 917/1711/149 916/1712/149 933/1713/149 938/1714/149
f 879/1519/142 912/1635/142 941/1715/142 936/1520/142
f 929/1716/150 927/1717/150 935/1718/150 942/1719/150
f 856/1587/151 812/1586/151 814/1681/151 858/1682/151
f 898/1720/151 897/1721/151 856/1587/151 858/1682/151
f 816/1488/1 613/1143/1 614/1420/1 818/1680/1
f 804/1229/1 817/1557/1 901/1676/1 818/1680/1 614/1420/1
f 860/1722/152 894/1723/152 644/1423/152 631/1422/152
f 862/1724/153 633/1725/153 645/1326/153 895/1645/153
f 895/1726/53 862/1678/53 860/1606/53 894/1727/53
f 816/1605/52 818/1677/52 862/1678/52 860/1606/52
f 819/1618/154 863/1621/154 861/1610/154 817/1609/154
f 899/1728/154 861/1610/154 863/1621/154 900/1729/154
f 864/1730/155 635/1731/155 646/1322/155 896/1643/155
f 857/1732/152 893/1733/152 643/1435/152 629/1434/152
f 893/1734/57 896/1735/57 864/1625/57 857/1590/57
f 820/1624/56 864/1625/56 857/1590/56 813/1589/56
f 813/1669/1 611/1360/1 616/1101/1 820/1457/1
f 943/763/1 946/1736/1 945/764/1
f 946/1736/1 947/1737/1 945/764/1
f 947/1737/1 944/773/1 945/764/1
f 948/1738/18 951/1739/18 950/1740/18
f 951/1741/18 952/1742/18 950/766/18
f 952/1743/18 949/1744/18 950/1745/18
f 953/774/1 956/1746/1 955/770/1
f 956/1746/1 957/1747/1 955/770/1
f 957/1747/1 954/771/1 955/770/1
f 958/1748/18 961/1749/18 960/1750/18
f 961/1749/18 962/1751/18 960/1750/18
f 962/1751/18 959/1752/18 960/1750/18
f 963/1444/1 966/1753/1 965/761/1
f 966/1753/1 967/1754/1 965/761/1
f 967/1754/1 964/762/1 965/761/1
f 968/1755/18 971/1756/18 970/1757/18
f 971/1756/18 972/1758/18 970/1757/18
f 972/1758/18 969/1759/18 970/1757/18
f 943/1760/156 949/1761/156 952/1762/156 946/1763/156
f 946/1763/6 952/1762/6 951/1764/6 947/1765/6
f 947/1766/157 951/1767/157 948/1446/157 944/1445/157
f 958/1442/158 954/1441/158 957/1768/158 961/1769/158
f 961/1769/159 957/1768/159 956/1770/159 962/1771/159
f 962/1771/160 956/1770/160 953/1448/160 959/1447/160
f 968/1772/161 964/1773/161 967/1774/161 971/1775/161
f 971/1775/162 967/1774/162 966/1776/162 972/1777/162
f 972/1777/163 966/1776/163 963/786/163 969/789/163
f 943/1760/164 964/1773/164 968/1772/164 949/1761/164
f 988/1778/18 973/1779/18 1164/1780/18 1163/1781/18 1170/1782/18 1171/1783/18
f 1007/1784/1 1175/1785/1 1173/1786/1 1166/1787/1 1167/1788/1 974/1789/1
f 1169/1790/9 1174/1791/9 1072/1792/9 1028/1793/9
f 1163/1794/19 1166/1795/19 1173/1796/19 1170/1797/19
f 990/1798/18 975/1799/18 1028/1800/18 1061/1801/18
f 989/1802/18 978/1803/18 1030/1804/18 1058/1805/18
f 1021/1806/18 981/1807/18 1034/1808/18 1125/1809/18
f 992/1810/18 984/1811/18 1039/1812/18 1067/1813/18
f 991/1814/18 985/1815/18 1040/1816/18 1064/1817/18
f 1023/1818/18 986/1819/18 1041/1820/18 1129/1821/18
f 993/1822/1 1072/1823/1 1174/1824/1 1175/1785/1 1007/1784/1
f 1150/1825/18 1145/1826/18 1055/1827/18 1130/1828/18
f 1064/1817/18 1040/1816/18 1054/1829/18 1065/1830/18
f 1067/1813/18 1039/1812/18 1053/1831/18 1068/1832/18
f 1138/1833/18 1134/1834/18 1052/1835/18 1122/1836/18
f 1144/1837/18 1140/1838/18 1049/1839/18 1126/1840/18
f 1058/1805/18 1030/1804/18 1046/1841/18 1059/1842/18
f 1061/1801/18 1028/1800/18 1043/1843/18 1062/1844/18
f 1032/1845/18 1058/1805/18 1059/1842/18 1047/1846/18
f 1047/1846/18 1059/1842/18 1057/1847/18 1031/1848/18
f 979/1849/18 989/1802/18 1058/1805/18 1032/1845/18
f 1029/1850/18 1061/1801/18 1062/1844/18 1044/1851/18
f 976/1852/18 990/1798/18 1061/1801/18 1029/1850/18
f 1044/1851/18 1062/1844/18 1060/1853/18 1026/1854/18
f 1036/1855/18 1064/1817/18 1065/1830/18 1050/1856/18
f 982/1857/18 991/1814/18 1064/1817/18 1036/1855/18
f 1050/1856/18 1065/1830/18 1063/1858/18 1035/1859/18
f 1027/1860/18 1067/1813/18 1068/1832/18 1045/1861/18
f 977/1862/18 992/1810/18 1067/1813/18 1027/1860/18
f 1045/1861/18 1068/1832/18 1066/1863/18 1025/1864/18
f 1009/1865/1 1105/1866/1 1072/1823/1 993/1822/1
f 1008/1867/1 1102/1868/1 1074/1869/1 996/1870/1
f 1022/1871/1 1127/1872/1 1078/1873/1 999/1874/1
f 1020/1875/1 1123/1876/1 1082/1877/1 1002/1878/1
f 1011/1879/1 1111/1880/1 1083/1881/1 1003/1882/1
f 1010/1883/1 1108/1884/1 1084/1885/1 1004/1886/1
f 1024/1887/1 1131/1888/1 1085/1889/1 1005/1890/1
f 1128/1891/20 1159/1892/20 1160/1893/20 1143/1894/20
f 1108/1884/1 1109/1895/1 1098/1896/1 1084/1885/1
f 1111/1880/1 1112/1897/1 1097/1898/1 1083/1881/1
f 1147/1899/21 1155/1900/21 1156/1901/21 1099/1902/21
f 1143/1894/22 1160/1893/22 1151/1903/22 1142/1904/22
f 1102/1868/1 1103/1905/1 1090/1906/1 1074/1869/1
f 1105/1866/1 1106/1907/1 1087/1908/1 1072/1823/1
f 1076/1909/1 1091/1910/1 1103/1905/1 1102/1868/1
f 1091/1910/1 1075/1911/1 1101/1912/1 1103/1905/1
f 997/1913/1 1076/1909/1 1102/1868/1 1008/1867/1
f 1073/1914/1 1088/1915/1 1106/1907/1 1105/1866/1
f 994/1916/1 1073/1914/1 1105/1866/1 1009/1865/1
f 1088/1915/1 1070/1917/1 1104/1918/1 1106/1907/1
f 1080/1919/1 1094/1920/1 1109/1895/1 1108/1884/1
f 1000/1921/1 1080/1919/1 1108/1884/1 1010/1883/1
f 1094/1920/1 1079/1922/1 1107/1923/1 1109/1895/1
f 1071/1924/1 1089/1925/1 1112/1897/1 1111/1880/1
f 995/1926/1 1071/1924/1 1111/1880/1 1011/1879/1
f 1089/1925/1 1069/1927/1 1110/1928/1 1112/1897/1
f 1068/1929/23 1112/1930/23 1110/1931/23 1066/1932/23
f 1122/1933/24 1124/1934/24 1095/1935/24 1051/1936/24
f 975/1799/18 988/1778/18 1171/1783/18 1169/1937/18 1028/1800/18
f 1046/1938/25 1090/1939/25 1103/1940/25 1059/1941/25
f 1037/1942/18 1039/1812/18 984/1811/18 1177/1943/18
f 1126/1944/26 1128/1945/26 1092/1946/26 1048/1947/26
f 1057/1948/27 1101/1949/27 1075/1950/27 1031/1951/27
f 1059/1941/28 1103/1940/28 1101/1949/28 1057/1948/28
f 1031/1951/29 1075/1950/29 1091/1952/29 1047/1953/29
f 1043/1954/30 1087/1955/30 1106/1956/30 1062/1957/30
f 1028/1793/28 1072/1792/28 1087/1955/28 1043/1954/28
f 1044/1958/29 1088/1959/29 1073/1960/29 1029/1961/29
f 1027/1962/11 1071/1963/11 995/1964/11 977/1965/11
f 1025/1966/11 1069/1967/11 1089/1968/11 1045/1969/11
f 1030/1970/31 1074/1971/31 1090/1939/31 1046/1938/31
f 1062/1957/28 1106/1956/28 1104/1972/28 1060/1973/28
f 1047/1953/29 1091/1952/29 1076/1974/29 1032/1975/29
f 1139/1976/29 1141/1977/29 1077/1978/29 1033/1979/29
f 1063/1980/32 1107/1981/32 1079/1982/32 1035/1983/32
f 1054/1984/33 1098/1985/33 1109/1986/33 1065/1987/33
f 1140/1988/21 1142/1989/21 1093/1990/21 1049/1991/21
f 1050/1992/29 1094/1993/29 1080/1994/29 1036/1995/29
f 1035/1983/29 1079/1982/29 1094/1993/29 1050/1992/29
f 1133/1996/29 1135/1997/29 1081/1998/29 1037/1999/29
f 1066/1932/34 1110/1931/34 1069/2000/34 1025/2001/34
f 1134/2002/21 1136/2003/21 1096/2004/21 1052/2005/21
f 1065/1987/28 1109/1986/28 1107/1981/28 1063/1980/28
f 1039/2006/31 1083/2007/31 1097/2008/31 1053/2009/31
f 1060/1973/35 1104/1972/35 1070/2010/35 1026/2011/35
f 1040/2012/31 1084/2013/31 1098/1985/31 1054/1984/31
f 1026/2011/29 1070/2010/29 1088/1959/29 1044/1958/29
f 1053/2009/36 1097/2008/36 1112/1930/36 1068/1929/36
f 1145/2014/21 1147/1899/21 1099/1902/21 1055/2015/21
f 1045/1969/11 1089/1968/11 1071/1963/11 1027/1962/11
f 1146/2016/29 1148/2017/29 1086/2018/29 1042/2019/29
f 1130/2020/37 1132/2021/37 1100/2022/37 1056/2023/37
f 997/2024/38 1016/2025/38 1117/2026/38 1076/2027/38
f 1042/2028/18 1030/1804/18 978/1803/18 987/2029/18
f 1029/1850/18 1041/1820/18 986/1819/18 976/1852/18
f 1032/1845/18 1034/1808/18 981/1807/18 979/1849/18
f 1074/1869/1 1086/2030/1 1006/2031/1 996/1870/1
f 1085/1889/1 1073/1914/1 994/1916/1 1005/1890/1
f 1042/2019/39 1086/2018/39 1074/1971/39 1030/1970/39
f 1029/1961/40 1073/1960/40 1085/2032/40 1041/2033/40
f 1113/2034/18 1116/2035/18 1015/2036/18 1012/2037/18
f 1114/2038/18 1115/2039/18 1014/2040/18 1013/2041/18
f 1120/2042/1 1119/2043/1 1018/2044/1 1019/2045/1
f 1118/2046/1 1117/2047/1 1016/2048/1 1017/2049/1
f 1001/2050/41 1018/2051/41 1119/2052/41 1081/2053/41
f 1078/2054/42 1118/2046/42 1017/2049/42 999/2055/42
f 1083/2056/43 1120/2042/43 1019/2045/43 1003/2057/43
f 1052/2005/24 1096/2004/24 1124/1934/24 1122/1933/24
f 1135/2058/1 1095/2059/1 1124/2060/1 1137/2061/1
f 1001/2062/1 1081/2063/1 1123/1876/1 1020/1875/1
f 1133/2064/18 1138/1833/18 1122/1836/18 1051/2065/18
f 1049/1991/26 1093/1990/26 1128/1945/26 1126/1944/26
f 1141/2066/1 1092/2067/1 1128/2068/1 1143/2069/1
f 998/2070/1 1077/2071/1 1127/1872/1 1022/1871/1
f 1139/2072/18 1144/1837/18 1126/1840/18 1048/2073/18
f 980/2074/18 1021/1806/18 1125/1809/18 1033/2075/18
f 1055/2015/37 1099/1902/37 1132/2021/37 1130/2020/37
f 1148/2076/1 1100/2077/1 1132/2078/1 1149/2079/1
f 1006/2031/1 1086/2030/1 1131/1888/1 1024/1887/1
f 1146/2080/18 1150/1825/18 1130/1828/18 1056/2081/18
f 987/2029/18 1023/1818/18 1129/1821/18 1042/2028/18
f 1037/1942/18 1121/2082/18 1138/1833/18 1133/2064/18
f 1081/2063/1 1135/2058/1 1137/2061/1 1123/1876/1
f 1038/2083/21 1082/2084/21 1136/2003/21 1134/2002/21
f 1051/1936/29 1095/1935/29 1135/1997/29 1133/1996/29
f 1123/1876/1 1137/2061/1 1136/2085/1 1082/1877/1
f 1121/2082/18 1038/2086/18 1134/1834/18 1138/1833/18
f 1033/2075/18 1125/1809/18 1144/1837/18 1139/2072/18
f 1077/2071/1 1141/2066/1 1143/2069/1 1127/1872/1
f 1034/2087/21 1078/2088/21 1142/1989/21 1140/1988/21
f 1048/1947/29 1092/1946/29 1141/1977/29 1139/1976/29
f 1127/1872/1 1143/2069/1 1142/2089/1 1078/1873/1
f 1125/1809/18 1034/1808/18 1140/1838/18 1144/1837/18
f 1042/2028/18 1129/1821/18 1150/1825/18 1146/2080/18
f 1086/2030/1 1148/2076/1 1149/2079/1 1131/1888/1
f 1056/2023/29 1100/2022/29 1148/2017/29 1146/2016/29
f 1041/2033/21 1085/2032/21 1147/1899/21 1145/2014/21
f 1131/1888/1 1149/2079/1 1147/2090/1 1085/1889/1
f 1129/1821/18 1041/1820/18 1145/1826/18 1150/1825/18
f 1162/2091/1 1161/2092/1 1156/2093/1 1155/2094/1
f 1158/2095/1 1157/2096/1 1154/2097/1 1153/2098/1
f 1160/2099/1 1159/2100/1 1152/2101/1 1151/2102/1
f 1136/2003/21 1153/2103/21 1154/2104/21 1096/2004/21
f 1124/2105/20 1157/2106/20 1158/2107/20 1137/2108/20
f 1093/1990/26 1152/2109/26 1159/2110/26 1128/1945/26
f 1142/1989/21 1151/2111/21 1152/2109/21 1093/1990/21
f 1096/2004/24 1154/2104/24 1157/2112/24 1124/1934/24
f 1132/2113/20 1161/2114/20 1162/2115/20 1149/2116/20
f 1137/2117/44 1158/2118/44 1153/2119/44 1136/2120/44
f 1099/1902/37 1156/1901/37 1161/2121/37 1132/2021/37
f 1149/2122/45 1162/2123/45 1155/2124/45 1147/2125/45
f 1163/1781/18 1164/1780/18 1165/2126/18
f 1168/2127/1 1167/1788/1 1166/1787/1
f 1169/1937/18 1171/1783/18 1172/2128/18
f 1172/2128/18 1171/1783/18 1170/1782/18
f 1173/1786/1 1175/1785/1 1176/2129/1
f 1176/2129/1 1175/1785/1 1174/1824/1
f 1168/2130/46 1166/1795/46 1163/1794/46 1165/2131/46
f 1173/1796/47 1176/2132/47 1172/2133/47 1170/1797/47
f 1176/2132/48 1174/1791/48 1169/1790/48 1172/2133/48
f 1076/1974/49 1078/2088/49 1034/2087/49 1032/1975/49
f 1118/2134/49 1078/2088/49 1076/1974/49 1117/2135/49
f 1036/1855/18 1038/2086/18 983/2136/18 982/1857/18
f 1177/1943/18 983/2136/18 1038/2086/18 1121/2082/18 1037/1942/18
f 1080/2137/50 1000/2138/50 1013/2139/50 1114/2140/50
f 1082/2141/51 1115/2039/51 1014/2040/51 1002/2142/51
f 1115/2143/52 1114/2144/52 1080/1994/52 1082/2084/52
f 1036/1995/53 1080/1994/53 1082/2084/53 1038/2083/53
f 1039/2006/54 1037/1999/54 1081/1998/54 1083/2007/54
f 1119/2145/54 1120/2146/54 1083/2007/54 1081/1998/54
f 1084/2147/55 1116/2035/55 1015/2036/55 1004/2148/55
f 1077/2149/50 998/2150/50 1012/2151/50 1113/2152/50
f 1113/2153/56 1077/1978/56 1084/2013/56 1116/2154/56
f 1040/2012/57 1033/1979/57 1077/1978/57 1084/2013/57
f 1033/2075/18 1040/1816/18 985/1815/18 980/2074/18
f 1329/2155/18 973/1779/18 1655/2156/18 1653/2157/18 1674/2158/18 1675/2159/18
f 1348/2160/1 1680/2161/1 1678/2162/1 1659/2163/1 1660/2164/1 974/1789/1
f 975/1799/18 1181/2165/18 1664/2166/18 1665/2167/18 988/1778/18
f 988/1778/18 1665/2167/18 1663/2168/18 1654/2169/18 1655/2156/18 973/1779/18
f 990/1798/18 1214/2170/18 1181/2165/18 975/1799/18
f 989/1802/18 1211/2171/18 1183/2172/18 978/1803/18
f 1021/1806/18 1278/2173/18 1187/2174/18 981/1807/18
f 992/1810/18 1220/2175/18 1192/2176/18 984/1811/18
f 991/1814/18 1217/2177/18 1193/2178/18 985/1815/18
f 1023/1818/18 1282/2179/18 1194/2180/18 986/1819/18
f 1673/2181/6 1679/2182/6 1562/2183/6 1518/2184/6
f 1303/2185/18 1283/2186/18 1208/2187/18 1298/2188/18
f 1217/2177/18 1218/2189/18 1207/2190/18 1193/2178/18
f 1220/2175/18 1221/2191/18 1206/2192/18 1192/2176/18
f 1291/2193/18 1275/2194/18 1205/2195/18 1287/2196/18
f 1297/2197/18 1279/2198/18 1202/2199/18 1293/2200/18
f 1211/2171/18 1212/2201/18 1199/2202/18 1183/2172/18
f 1214/2170/18 1215/2203/18 1196/2204/18 1181/2165/18
f 1185/2205/18 1200/2206/18 1212/2201/18 1211/2171/18
f 1200/2206/18 1184/2207/18 1210/2208/18 1212/2201/18
f 979/1849/18 1185/2205/18 1211/2171/18 989/1802/18
f 1182/2209/18 1197/2210/18 1215/2203/18 1214/2170/18
f 976/1852/18 1182/2209/18 1214/2170/18 990/1798/18
f 1197/2210/18 1179/2211/18 1213/2212/18 1215/2203/18
f 1189/2213/18 1203/2214/18 1218/2189/18 1217/2177/18
f 982/1857/18 1189/2213/18 1217/2177/18 991/1814/18
f 1203/2214/18 1188/2215/18 1216/2216/18 1218/2189/18
f 1180/2217/18 1198/2218/18 1221/2191/18 1220/2175/18
f 977/1862/18 1180/2217/18 1220/2175/18 992/1810/18
f 1198/2218/18 1178/2219/18 1219/2220/18 1221/2191/18
f 1009/1865/1 993/1822/1 1225/2221/1 1258/2222/1
f 1008/1867/1 996/1870/1 1227/2223/1 1255/2224/1
f 1022/1871/1 999/1874/1 1231/2225/1 1280/2226/1
f 1020/1875/1 1002/1878/1 1235/2227/1 1276/2228/1
f 1011/1879/1 1003/1882/1 1236/2229/1 1264/2230/1
f 1010/1883/1 1004/1886/1 1237/2231/1 1261/2232/1
f 1024/1887/1 1005/1890/1 1238/2233/1 1284/2234/1
f 1281/2235/58 1296/2236/58 1313/2237/58 1312/2238/58
f 1261/2232/1 1237/2231/1 1251/2239/1 1262/2240/1
f 1264/2230/1 1236/2229/1 1250/2241/1 1265/2242/1
f 1300/2243/59 1252/2244/59 1309/2245/59 1308/2246/59
f 1296/2236/60 1295/2247/60 1304/2248/60 1313/2237/60
f 1255/2224/1 1227/2223/1 1243/2249/1 1256/2250/1
f 1258/2222/1 1225/2221/1 1240/2251/1 1259/2252/1
f 1229/2253/1 1255/2224/1 1256/2250/1 1244/2254/1
f 1244/2254/1 1256/2250/1 1254/2255/1 1228/2256/1
f 997/1913/1 1008/1867/1 1255/2224/1 1229/2253/1
f 1226/2257/1 1258/2222/1 1259/2252/1 1241/2258/1
f 994/1916/1 1009/1865/1 1258/2222/1 1226/2257/1
f 1241/2258/1 1259/2252/1 1257/2259/1 1223/2260/1
f 1233/2261/1 1261/2232/1 1262/2240/1 1247/2262/1
f 1000/1921/1 1010/1883/1 1261/2232/1 1233/2261/1
f 1247/2262/1 1262/2240/1 1260/2263/1 1232/2264/1
f 1224/2265/1 1264/2230/1 1265/2242/1 1242/2266/1
f 995/1926/1 1011/1879/1 1264/2230/1 1224/2265/1
f 1242/2266/1 1265/2242/1 1263/2267/1 1222/2268/1
f 1221/2269/61 1219/2270/61 1263/2271/61 1265/2272/61
f 1275/2273/62 1204/2274/62 1248/2275/62 1277/2276/62
f 993/1822/1 1007/1784/1 1670/2277/1 1668/2278/1 1225/2221/1
f 1199/2279/63 1212/2280/63 1256/2281/63 1243/2282/63
f 1190/2283/18 1177/1943/18 984/1811/18 1192/2176/18
f 1279/2284/64 1201/2285/64 1245/2286/64 1281/2287/64
f 1210/2288/65 1184/2289/65 1228/2290/65 1254/2291/65
f 1212/2280/66 1210/2288/66 1254/2291/66 1256/2281/66
f 1184/2289/67 1200/2292/67 1244/2293/67 1228/2290/67
f 1196/2294/68 1215/2295/68 1259/2296/68 1240/2297/68
f 1181/2298/66 1196/2294/66 1240/2297/66 1225/2299/66
f 1197/2300/67 1182/2301/67 1226/2302/67 1241/2303/67
f 1180/2304/11 977/1965/11 995/1964/11 1224/2305/11
f 1178/2306/11 1198/2307/11 1242/2308/11 1222/2309/11
f 1183/2310/69 1199/2279/69 1243/2282/69 1227/2311/69
f 1215/2295/66 1213/2312/66 1257/2313/66 1259/2296/66
f 1200/2292/67 1185/2314/67 1229/2315/67 1244/2293/67
f 1292/2316/67 1186/2317/67 1230/2318/67 1294/2319/67
f 1216/2320/70 1188/2321/70 1232/2322/70 1260/2323/70
f 1207/2324/71 1218/2325/71 1262/2326/71 1251/2327/71
f 1293/2328/59 1202/2329/59 1246/2330/59 1295/2331/59
f 1203/2332/67 1189/2333/67 1233/2334/67 1247/2335/67
f 1188/2321/67 1203/2332/67 1247/2335/67 1232/2322/67
f 1286/2336/67 1190/2337/67 1234/2338/67 1288/2339/67
f 1219/2270/72 1178/2340/72 1222/2341/72 1263/2271/72
f 1287/2342/59 1205/2343/59 1249/2344/59 1289/2345/59
f 1218/2325/66 1216/2320/66 1260/2323/66 1262/2326/66
f 1192/2346/69 1206/2347/69 1250/2348/69 1236/2349/69
f 1213/2312/73 1179/2350/73 1223/2351/73 1257/2313/73
f 1193/2352/69 1207/2324/69 1251/2327/69 1237/2353/69
f 1179/2350/67 1197/2300/67 1241/2303/67 1223/2351/67
f 1206/2347/74 1221/2269/74 1265/2272/74 1250/2348/74
f 1298/2354/59 1208/2355/59 1252/2244/59 1300/2243/59
f 1198/2307/11 1180/2304/11 1224/2305/11 1242/2308/11
f 1299/2356/67 1195/2357/67 1239/2358/67 1301/2359/67
f 1283/2360/75 1209/2361/75 1253/2362/75 1285/2363/75
f 997/2024/76 1229/2364/76 1270/2365/76 1016/2025/76
f 1195/2366/18 987/2029/18 978/1803/18 1183/2172/18
f 1182/2209/18 976/1852/18 986/1819/18 1194/2180/18
f 1185/2205/18 979/1849/18 981/1807/18 1187/2174/18
f 1227/2223/1 996/1870/1 1006/2031/1 1239/2367/1
f 1238/2233/1 1005/1890/1 994/1916/1 1226/2257/1
f 1195/2357/77 1183/2310/77 1227/2311/77 1239/2358/77
f 1182/2301/78 1194/2368/78 1238/2369/78 1226/2302/78
f 1266/2370/18 1012/2037/18 1015/2036/18 1269/2371/18
f 1267/2372/18 1013/2041/18 1014/2040/18 1268/2373/18
f 1273/2374/1 1019/2045/1 1018/2044/1 1272/2375/1
f 1271/2376/1 1017/2049/1 1016/2048/1 1270/2377/1
f 1001/2050/79 1234/2378/79 1272/2379/79 1018/2051/79
f 1231/2380/80 999/2381/80 1017/2049/80 1271/2376/80
f 1236/2382/81 1003/2383/81 1019/2045/81 1273/2374/81
f 1205/2343/62 1275/2273/62 1277/2276/62 1249/2344/62
f 1288/2384/1 1290/2385/1 1277/2386/1 1248/2387/1
f 1001/2062/1 1020/1875/1 1276/2228/1 1234/2388/1
f 1286/2389/18 1204/2390/18 1275/2194/18 1291/2193/18
f 1202/2329/64 1279/2284/64 1281/2287/64 1246/2330/64
f 1294/2391/1 1296/2392/1 1281/2393/1 1245/2394/1
f 998/2070/1 1022/1871/1 1280/2226/1 1230/2395/1
f 1292/2396/18 1201/2397/18 1279/2198/18 1297/2197/18
f 980/2074/18 1186/2398/18 1278/2173/18 1021/1806/18
f 1208/2355/75 1283/2360/75 1285/2363/75 1252/2244/75
f 1301/2399/1 1302/2400/1 1285/2401/1 1253/2402/1
f 1006/2031/1 1024/1887/1 1284/2234/1 1239/2367/1
f 1299/2403/18 1209/2404/18 1283/2186/18 1303/2185/18
f 987/2029/18 1195/2366/18 1282/2179/18 1023/1818/18
f 1190/2283/18 1286/2389/18 1291/2193/18 1274/2405/18
f 1234/2388/1 1276/2228/1 1290/2385/1 1288/2384/1
f 1191/2406/59 1287/2342/59 1289/2345/59 1235/2407/59
f 1204/2274/67 1286/2336/67 1288/2339/67 1248/2275/67
f 1276/2228/1 1235/2227/1 1289/2408/1 1290/2385/1
f 1274/2405/18 1291/2193/18 1287/2196/18 1191/2409/18
f 1186/2398/18 1292/2396/18 1297/2197/18 1278/2173/18
f 1230/2395/1 1280/2226/1 1296/2392/1 1294/2391/1
f 1187/2410/59 1293/2328/59 1295/2331/59 1231/2411/59
f 1201/2285/67 1292/2316/67 1294/2319/67 1245/2286/67
f 1280/2226/1 1231/2225/1 1295/2412/1 1296/2392/1
f 1278/2173/18 1297/2197/18 1293/2200/18 1187/2174/18
f 1195/2366/18 1299/2403/18 1303/2185/18 1282/2179/18
f 1239/2367/1 1284/2234/1 1302/2400/1 1301/2399/1
f 1209/2361/67 1299/2356/67 1301/2359/67 1253/2362/67
f 1194/2368/59 1298/2354/59 1300/2243/59 1238/2369/59
f 1284/2234/1 1238/2233/1 1300/2413/1 1302/2400/1
f 1282/2179/18 1303/2185/18 1298/2188/18 1194/2180/18
f 1315/2414/1 1308/2415/1 1309/2416/1 1314/2417/1
f 1311/2418/1 1306/2419/1 1307/2420/1 1310/2421/1
f 1313/2422/1 1304/2423/1 1305/2424/1 1312/2425/1
f 1289/2345/59 1249/2344/59 1307/2426/59 1306/2427/59
f 1277/2428/58 1290/2429/58 1311/2430/58 1310/2431/58
f 1246/2330/64 1281/2287/64 1312/2432/64 1305/2433/64
f 1295/2331/59 1246/2330/59 1305/2433/59 1304/2434/59
f 1249/2344/62 1277/2276/62 1310/2435/62 1307/2426/62
f 1285/2436/58 1302/2437/58 1315/2438/58 1314/2439/58
f 1290/2440/82 1289/2441/82 1306/2442/82 1311/2443/82
f 1252/2244/75 1285/2363/75 1314/2444/75 1309/2245/75
f 1302/2445/83 1300/2446/83 1308/2447/83 1315/2448/83
f 1229/2315/84 1185/2314/84 1187/2410/84 1231/2411/84
f 1271/2449/84 1270/2450/84 1229/2315/84 1231/2411/84
f 1189/2213/18 982/1857/18 983/2136/18 1191/2409/18
f 1177/1943/18 1190/2283/18 1274/2405/18 1191/2409/18 983/2136/18
f 1233/2451/85 1267/2452/85 1013/2139/85 1000/2138/85
f 1235/2453/86 1002/2454/86 1014/2040/86 1268/2373/86
f 1268/2455/87 1235/2407/87 1233/2334/87 1267/2456/87
f 1189/2333/88 1191/2406/88 1235/2407/88 1233/2334/88
f 1192/2346/89 1236/2349/89 1234/2338/89 1190/2337/89
f 1272/2457/89 1234/2338/89 1236/2349/89 1273/2458/89
f 1237/2459/90 1004/2460/90 1015/2036/90 1269/2371/90
f 1230/2461/85 1266/2462/85 1012/2151/85 998/2150/85
f 1266/2463/91 1269/2464/91 1237/2353/91 1230/2318/91
f 1193/2352/92 1237/2353/92 1230/2318/92 1186/2317/92
f 1186/2398/18 980/2074/18 985/1815/18 1193/2178/18
f 1329/2155/18 1508/2465/18 1507/2466/18 1504/2467/18 1164/1780/18 973/1779/18
f 1348/2160/1 974/1789/1 1167/1788/1 1505/2468/1 1510/2469/1 1512/2470/1
f 1506/2471/9 1369/2472/9 1413/2473/9 1511/2474/9
f 1504/2475/93 1507/2476/93 1510/2477/93 1505/2478/93
f 1331/2479/18 1402/2480/18 1369/2481/18 1316/2482/18
f 1330/2483/18 1399/2484/18 1371/2485/18 1319/2486/18
f 1362/2487/18 1466/2488/18 1375/2489/18 1322/2490/18
f 1333/2491/18 1408/2492/18 1380/2493/18 1325/2494/18
f 1332/2495/18 1405/2496/18 1381/2497/18 1326/2498/18
f 1364/2499/18 1470/2500/18 1382/2501/18 1327/2502/18
f 1334/2503/1 1348/2160/1 1512/2470/1 1511/2504/1 1413/2505/1
f 1491/2506/18 1471/2507/18 1396/2508/18 1486/2509/18
f 1405/2496/18 1406/2510/18 1395/2511/18 1381/2497/18
f 1408/2492/18 1409/2512/18 1394/2513/18 1380/2493/18
f 1479/2514/18 1463/2515/18 1393/2516/18 1475/2517/18
f 1485/2518/18 1467/2519/18 1390/2520/18 1481/2521/18
f 1399/2484/18 1400/2522/18 1387/2523/18 1371/2485/18
f 1402/2480/18 1403/2524/18 1384/2525/18 1369/2481/18
f 1373/2526/18 1388/2527/18 1400/2522/18 1399/2484/18
f 1388/2527/18 1372/2528/18 1398/2529/18 1400/2522/18
f 1320/2530/18 1373/2526/18 1399/2484/18 1330/2483/18
f 1370/2531/18 1385/2532/18 1403/2524/18 1402/2480/18
f 1317/2533/18 1370/2531/18 1402/2480/18 1331/2479/18
f 1385/2532/18 1367/2534/18 1401/2535/18 1403/2524/18
f 1377/2536/18 1391/2537/18 1406/2510/18 1405/2496/18
f 1323/2538/18 1377/2536/18 1405/2496/18 1332/2495/18
f 1391/2537/18 1376/2539/18 1404/2540/18 1406/2510/18
f 1368/2541/18 1386/2542/18 1409/2512/18 1408/2492/18
f 1318/2543/18 1368/2541/18 1408/2492/18 1333/2491/18
f 1386/2542/18 1366/2544/18 1407/2545/18 1409/2512/18
f 1350/2546/1 1334/2503/1 1413/2505/1 1446/2547/1
f 1349/2548/1 1337/2549/1 1415/2550/1 1443/2551/1
f 1363/2552/1 1340/2553/1 1419/2554/1 1468/2555/1
f 1361/2556/1 1343/2557/1 1423/2558/1 1464/2559/1
f 1352/2560/1 1344/2561/1 1424/2562/1 1452/2563/1
f 1351/2564/1 1345/2565/1 1425/2566/1 1449/2567/1
f 1365/2568/1 1346/2569/1 1426/2570/1 1472/2571/1
f 1469/2572/94 1484/2573/94 1501/2574/94 1500/2575/94
f 1449/2567/1 1425/2566/1 1439/2576/1 1450/2577/1
f 1452/2563/1 1424/2562/1 1438/2578/1 1453/2579/1
f 1488/2580/95 1440/2581/95 1497/2582/95 1496/2583/95
f 1484/2573/96 1483/2584/96 1492/2585/96 1501/2574/96
f 1443/2551/1 1415/2550/1 1431/2586/1 1444/2587/1
f 1446/2547/1 1413/2505/1 1428/2588/1 1447/2589/1
f 1417/2590/1 1443/2551/1 1444/2587/1 1432/2591/1
f 1432/2591/1 1444/2587/1 1442/2592/1 1416/2593/1
f 1338/2594/1 1349/2548/1 1443/2551/1 1417/2590/1
f 1414/2595/1 1446/2547/1 1447/2589/1 1429/2596/1
f 1335/2597/1 1350/2546/1 1446/2547/1 1414/2595/1
f 1429/2596/1 1447/2589/1 1445/2598/1 1411/2599/1
f 1421/2600/1 1449/2567/1 1450/2577/1 1435/2601/1
f 1341/2602/1 1351/2564/1 1449/2567/1 1421/2600/1
f 1435/2601/1 1450/2577/1 1448/2603/1 1420/2604/1
f 1412/2605/1 1452/2563/1 1453/2579/1 1430/2606/1
f 1336/2607/1 1352/2560/1 1452/2563/1 1412/2605/1
f 1430/2606/1 1453/2579/1 1451/2608/1 1410/2609/1
f 1409/2610/97 1407/2611/97 1451/2612/97 1453/2613/97
f 1463/2614/98 1392/2615/98 1436/2616/98 1465/2617/98
f 1316/2482/18 1369/2481/18 1506/2618/18 1508/2465/18 1329/2155/18
f 1387/2619/99 1400/2620/99 1444/2621/99 1431/2622/99
f 1378/2623/18 1514/2624/18 1325/2494/18 1380/2493/18
f 1467/2625/100 1389/2626/100 1433/2627/100 1469/2628/100
f 1398/2629/101 1372/2630/101 1416/2631/101 1442/2632/101
f 1400/2620/67 1398/2629/67 1442/2632/67 1444/2621/67
f 1372/2630/66 1388/2633/66 1432/2634/66 1416/2631/66
f 1384/2635/102 1403/2636/102 1447/2637/102 1428/2638/102
f 1369/2472/67 1384/2635/67 1428/2638/67 1413/2473/67
f 1385/2639/66 1370/2640/66 1414/2641/66 1429/2642/66
f 1368/2643/12 1318/2644/12 1336/2645/12 1412/2646/12
f 1366/2647/12 1386/2648/12 1430/2649/12 1410/2650/12
f 1371/2651/103 1387/2619/103 1431/2622/103 1415/2652/103
f 1403/2636/67 1401/2653/67 1445/2654/67 1447/2637/67
f 1388/2633/66 1373/2655/66 1417/2656/66 1432/2634/66
f 1480/2657/66 1374/2658/66 1418/2659/66 1482/2660/66
f 1404/2661/104 1376/2662/104 1420/2663/104 1448/2664/104
f 1395/2665/105 1406/2666/105 1450/2667/105 1439/2668/105
f 1481/2669/95 1390/2670/95 1434/2671/95 1483/2672/95
f 1391/2673/66 1377/2674/66 1421/2675/66 1435/2676/66
f 1376/2662/66 1391/2673/66 1435/2676/66 1420/2663/66
f 1474/2677/66 1378/2678/66 1422/2679/66 1476/2680/66
f 1407/2611/106 1366/2681/106 1410/2682/106 1451/2612/106
f 1475/2683/95 1393/2684/95 1437/2685/95 1477/2686/95
f 1406/2666/67 1404/2661/67 1448/2664/67 1450/2667/67
f 1380/2687/103 1394/2688/103 1438/2689/103 1424/2690/103
f 1401/2653/107 1367/2691/107 1411/2692/107 1445/2654/107
f 1381/2693/103 1395/2665/103 1439/2668/103 1425/2694/103
f 1367/2691/66 1385/2639/66 1429/2642/66 1411/2692/66
f 1394/2688/108 1409/2610/108 1453/2613/108 1438/2689/108
f 1486/2695/95 1396/2696/95 1440/2581/95 1488/2580/95
f 1386/2648/12 1368/2643/12 1412/2646/12 1430/2649/12
f 1487/2697/66 1383/2698/66 1427/2699/66 1489/2700/66
f 1471/2701/109 1397/2702/109 1441/2703/109 1473/2704/109
f 1338/2705/110 1417/2706/110 1458/2707/110 1357/2708/110
f 1383/2709/18 1328/2710/18 1319/2486/18 1371/2485/18
f 1370/2531/18 1317/2533/18 1327/2502/18 1382/2501/18
f 1373/2526/18 1320/2530/18 1322/2490/18 1375/2489/18
f 1415/2550/1 1337/2549/1 1347/2711/1 1427/2712/1
f 1426/2570/1 1346/2569/1 1335/2597/1 1414/2595/1
f 1383/2698/111 1371/2651/111 1415/2652/111 1427/2699/111
f 1370/2640/112 1382/2713/112 1426/2714/112 1414/2641/112
f 1454/2715/18 1353/2716/18 1356/2717/18 1457/2718/18
f 1455/2719/18 1354/2720/18 1355/2721/18 1456/2722/18
f 1461/2723/1 1360/2724/1 1359/2725/1 1460/2726/1
f 1459/2727/1 1358/2728/1 1357/2729/1 1458/2730/1
f 1342/2731/113 1422/2732/113 1460/2733/113 1359/2734/113
f 1419/2735/114 1340/2736/114 1358/2728/114 1459/2727/114
f 1424/2737/115 1344/2738/115 1360/2724/115 1461/2723/115
f 1393/2684/98 1463/2614/98 1465/2617/98 1437/2685/98
f 1476/2739/1 1478/2740/1 1465/2741/1 1436/2742/1
f 1342/2743/1 1361/2556/1 1464/2559/1 1422/2744/1
f 1474/2745/18 1392/2746/18 1463/2515/18 1479/2514/18
f 1390/2670/100 1467/2625/100 1469/2628/100 1434/2671/100
f 1482/2747/1 1484/2748/1 1469/2749/1 1433/2750/1
f 1339/2751/1 1363/2552/1 1468/2555/1 1418/2752/1
f 1480/2753/18 1389/2754/18 1467/2519/18 1485/2518/18
f 1321/2755/18 1374/2756/18 1466/2488/18 1362/2487/18
f 1396/2696/109 1471/2701/109 1473/2704/109 1440/2581/109
f 1489/2757/1 1490/2758/1 1473/2759/1 1441/2760/1
f 1347/2711/1 1365/2568/1 1472/2571/1 1427/2712/1
f 1487/2761/18 1397/2762/18 1471/2507/18 1491/2506/18
f 1328/2710/18 1383/2709/18 1470/2500/18 1364/2499/18
f 1378/2623/18 1474/2745/18 1479/2514/18 1462/2763/18
f 1422/2744/1 1464/2559/1 1478/2740/1 1476/2739/1
f 1379/2764/95 1475/2683/95 1477/2686/95 1423/2765/95
f 1392/2615/66 1474/2677/66 1476/2680/66 1436/2616/66
f 1464/2559/1 1423/2558/1 1477/2766/1 1478/2740/1
f 1462/2763/18 1479/2514/18 1475/2517/18 1379/2767/18
f 1374/2756/18 1480/2753/18 1485/2518/18 1466/2488/18
f 1418/2752/1 1468/2555/1 1484/2748/1 1482/2747/1
f 1375/2768/95 1481/2669/95 1483/2672/95 1419/2769/95
f 1389/2626/66 1480/2657/66 1482/2660/66 1433/2627/66
f 1468/2555/1 1419/2554/1 1483/2770/1 1484/2748/1
f 1466/2488/18 1485/2518/18 1481/2521/18 1375/2489/18
f 1383/2709/18 1487/2761/18 1491/2506/18 1470/2500/18
f 1427/2712/1 1472/2571/1 1490/2758/1 1489/2757/1
f 1397/2702/66 1487/2697/66 1489/2700/66 1441/2703/66
f 1382/2713/95 1486/2695/95 1488/2580/95 1426/2714/95
f 1472/2571/1 1426/2570/1 1488/2771/1 1490/2758/1
f 1470/2500/18 1491/2506/18 1486/2509/18 1382/2501/18
f 1503/2772/1 1496/2773/1 1497/2774/1 1502/2775/1
f 1499/2776/1 1494/2777/1 1495/2778/1 1498/2779/1
f 1501/2780/1 1492/2781/1 1493/2782/1 1500/2783/1
f 1477/2686/95 1437/2685/95 1495/2784/95 1494/2785/95
f 1465/2786/94 1478/2787/94 1499/2788/94 1498/2789/94
f 1434/2671/100 1469/2628/100 1500/2790/100 1493/2791/100
f 1483/2672/95 1434/2671/95 1493/2791/95 1492/2792/95
f 1437/2685/98 1465/2617/98 1498/2793/98 1495/2784/98
f 1473/2794/94 1490/2795/94 1503/2796/94 1502/2797/94
f 1478/2798/116 1477/2799/116 1494/2800/116 1499/2801/116
f 1440/2581/109 1473/2704/109 1502/2802/109 1497/2582/109
f 1490/2803/117 1488/2804/117 1496/2805/117 1503/2806/117
f 1504/2467/18 1165/2126/18 1164/1780/18
f 1168/2127/1 1505/2468/1 1167/1788/1
f 1506/2618/18 1509/2807/18 1508/2465/18
f 1509/2807/18 1507/2466/18 1508/2465/18
f 1510/2469/1 1513/2808/1 1512/2470/1
f 1513/2808/1 1511/2504/1 1512/2470/1
f 1168/2809/118 1165/2810/118 1504/2475/118 1505/2478/118
f 1510/2477/119 1507/2476/119 1509/2811/119 1513/2812/119
f 1513/2812/120 1509/2811/120 1506/2471/120 1511/2474/120
f 1417/2656/121 1373/2655/121 1375/2768/121 1419/2769/121
f 1459/2813/121 1458/2814/121 1417/2656/121 1419/2769/121
f 1377/2536/18 1323/2538/18 1324/2815/18 1379/2767/18
f 1514/2624/18 1378/2623/18 1462/2763/18 1379/2767/18 1324/2815/18
f 1421/2816/122 1455/2817/122 1354/2818/122 1341/2819/122
f 1423/2820/123 1343/2821/123 1355/2721/123 1456/2722/123
f 1456/2822/88 1423/2765/88 1421/2675/88 1455/2823/88
f 1377/2674/87 1379/2764/87 1423/2765/87 1421/2675/87
f 1380/2687/124 1424/2690/124 1422/2679/124 1378/2678/124
f 1460/2824/124 1422/2679/124 1424/2690/124 1461/2825/124
f 1425/2826/125 1345/2827/125 1356/2717/125 1457/2718/125
f 1418/2828/122 1454/2829/122 1353/2830/122 1339/2831/122
f 1454/2832/92 1457/2833/92 1425/2694/92 1418/2659/92
f 1381/2693/91 1425/2694/91 1418/2659/91 1374/2658/91
f 1374/2756/18 1321/2755/18 1326/2498/18 1381/2497/18
f 1007/1784/1 974/1789/1 1660/2164/1 1658/2834/1 1669/2835/1 1670/2277/1
f 1664/2836/6 1181/2298/6 1225/2299/6 1668/2837/6
f 1316/2482/18 1329/2155/18 1675/2159/18 1673/2838/18 1518/2839/18
f 1654/2840/126 1663/2841/126 1669/2842/126 1658/2843/126
f 1331/2479/18 1316/2482/18 1518/2839/18 1551/2844/18
f 1330/2483/18 1319/2486/18 1520/2845/18 1548/2846/18
f 1362/2487/18 1322/2490/18 1524/2847/18 1615/2848/18
f 1333/2491/18 1325/2494/18 1529/2849/18 1557/2850/18
f 1332/2495/18 1326/2498/18 1530/2851/18 1554/2852/18
f 1364/2499/18 1327/2502/18 1531/2853/18 1619/2854/18
f 1640/2855/18 1635/2856/18 1545/2857/18 1620/2858/18
f 1554/2852/18 1530/2851/18 1544/2859/18 1555/2860/18
f 1557/2850/18 1529/2849/18 1543/2861/18 1558/2862/18
f 1628/2863/18 1624/2864/18 1542/2865/18 1612/2866/18
f 1634/2867/18 1630/2868/18 1539/2869/18 1616/2870/18
f 1548/2846/18 1520/2845/18 1536/2871/18 1549/2872/18
f 1551/2844/18 1518/2839/18 1533/2873/18 1552/2874/18
f 1522/2875/18 1548/2846/18 1549/2872/18 1537/2876/18
f 1537/2876/18 1549/2872/18 1547/2877/18 1521/2878/18
f 1320/2530/18 1330/2483/18 1548/2846/18 1522/2875/18
f 1519/2879/18 1551/2844/18 1552/2874/18 1534/2880/18
f 1317/2533/18 1331/2479/18 1551/2844/18 1519/2879/18
f 1534/2880/18 1552/2874/18 1550/2881/18 1516/2882/18
f 1526/2883/18 1554/2852/18 1555/2860/18 1540/2884/18
f 1323/2538/18 1332/2495/18 1554/2852/18 1526/2883/18
f 1540/2884/18 1555/2860/18 1553/2885/18 1525/2886/18
f 1517/2887/18 1557/2850/18 1558/2862/18 1535/2888/18
f 1318/2543/18 1333/2491/18 1557/2850/18 1517/2887/18
f 1535/2888/18 1558/2862/18 1556/2889/18 1515/2890/18
f 1350/2546/1 1595/2891/1 1562/2892/1 1334/2503/1
f 1349/2548/1 1592/2893/1 1564/2894/1 1337/2549/1
f 1363/2552/1 1617/2895/1 1568/2896/1 1340/2553/1
f 1361/2556/1 1613/2897/1 1572/2898/1 1343/2557/1
f 1352/2560/1 1601/2899/1 1573/2900/1 1344/2561/1
f 1351/2564/1 1598/2901/1 1574/2902/1 1345/2565/1
f 1365/2568/1 1621/2903/1 1575/2904/1 1346/2569/1
f 1618/2905/127 1649/2906/127 1650/2907/127 1633/2908/127
f 1598/2901/1 1599/2909/1 1588/2910/1 1574/2902/1
f 1601/2899/1 1602/2911/1 1587/2912/1 1573/2900/1
f 1637/2913/128 1645/2914/128 1646/2915/128 1589/2916/128
f 1633/2908/129 1650/2907/129 1641/2917/129 1632/2918/129
f 1592/2893/1 1593/2919/1 1580/2920/1 1564/2894/1
f 1595/2891/1 1596/2921/1 1577/2922/1 1562/2892/1
f 1566/2923/1 1581/2924/1 1593/2919/1 1592/2893/1
f 1581/2924/1 1565/2925/1 1591/2926/1 1593/2919/1
f 1338/2594/1 1566/2923/1 1592/2893/1 1349/2548/1
f 1563/2927/1 1578/2928/1 1596/2921/1 1595/2891/1
f 1335/2597/1 1563/2927/1 1595/2891/1 1350/2546/1
f 1578/2928/1 1560/2929/1 1594/2930/1 1596/2921/1
f 1570/2931/1 1584/2932/1 1599/2909/1 1598/2901/1
f 1341/2602/1 1570/2931/1 1598/2901/1 1351/2564/1
f 1584/2932/1 1569/2933/1 1597/2934/1 1599/2909/1
f 1561/2935/1 1579/2936/1 1602/2911/1 1601/2899/1
f 1336/2607/1 1561/2935/1 1601/2899/1 1352/2560/1
f 1579/2936/1 1559/2937/1 1600/2938/1 1602/2911/1
f 1558/2939/130 1602/2940/130 1600/2941/130 1556/2942/130
f 1612/2943/131 1614/2944/131 1585/2945/131 1541/2946/131
f 1334/2503/1 1562/2892/1 1679/2947/1 1680/2161/1 1348/2160/1
f 1536/2948/132 1580/2949/132 1593/2950/132 1549/2951/132
f 1527/2952/18 1529/2849/18 1325/2494/18 1514/2624/18
f 1616/2953/133 1618/2954/133 1582/2955/133 1538/2956/133
f 1547/2957/134 1591/2958/134 1565/2959/134 1521/2960/134
f 1549/2951/29 1593/2950/29 1591/2958/29 1547/2957/29
f 1521/2960/28 1565/2959/28 1581/2961/28 1537/2962/28
f 1533/2963/135 1577/2964/135 1596/2965/135 1552/2966/135
f 1518/2184/29 1562/2183/29 1577/2964/29 1533/2963/29
f 1534/2967/28 1578/2968/28 1563/2969/28 1519/2970/28
f 1517/2971/12 1561/2972/12 1336/2645/12 1318/2644/12
f 1515/2973/12 1559/2974/12 1579/2975/12 1535/2976/12
f 1520/2977/136 1564/2978/136 1580/2949/136 1536/2948/136
f 1552/2966/29 1596/2965/29 1594/2979/29 1550/2980/29
f 1537/2962/28 1581/2961/28 1566/2981/28 1522/2982/28
f 1629/2983/28 1631/2984/28 1567/2985/28 1523/2986/28
f 1553/2987/137 1597/2988/137 1569/2989/137 1525/2990/137
f 1544/2991/138 1588/2992/138 1599/2993/138 1555/2994/138
f 1630/2995/128 1632/2996/128 1583/2997/128 1539/2998/128
f 1540/2999/28 1584/3000/28 1570/3001/28 1526/3002/28
f 1525/2990/28 1569/2989/28 1584/3000/28 1540/2999/28
f 1623/3003/28 1625/3004/28 1571/3005/28 1527/3006/28
f 1556/2942/139 1600/2941/139 1559/3007/139 1515/3008/139
f 1624/3009/128 1626/3010/128 1586/3011/128 1542/3012/128
f 1555/2994/29 1599/2993/29 1597/2988/29 1553/2987/29
f 1529/3013/136 1573/3014/136 1587/3015/136 1543/3016/136
f 1550/2980/140 1594/2979/140 1560/3017/140 1516/3018/140
f 1530/3019/136 1574/3020/136 1588/2992/136 1544/2991/136
f 1516/3018/28 1560/3017/28 1578/2968/28 1534/2967/28
f 1543/3016/141 1587/3015/141 1602/2940/141 1558/2939/141
f 1635/3021/128 1637/2913/128 1589/2916/128 1545/3022/128
f 1535/2976/12 1579/2975/12 1561/2972/12 1517/2971/12
f 1636/3023/28 1638/3024/28 1576/3025/28 1532/3026/28
f 1620/3027/142 1622/3028/142 1590/3029/142 1546/3030/142
f 1338/2705/143 1357/2708/143 1607/3031/143 1566/3032/143
f 1532/3033/18 1520/2845/18 1319/2486/18 1328/2710/18
f 1519/2879/18 1531/2853/18 1327/2502/18 1317/2533/18
f 1522/2875/18 1524/2847/18 1322/2490/18 1320/2530/18
f 1564/2894/1 1576/3034/1 1347/2711/1 1337/2549/1
f 1575/2904/1 1563/2927/1 1335/2597/1 1346/2569/1
f 1532/3026/144 1576/3025/144 1564/2978/144 1520/2977/144
f 1519/2970/145 1563/2969/145 1575/3035/145 1531/3036/145
f 1603/3037/18 1606/3038/18 1356/2717/18 1353/2716/18
f 1604/3039/18 1605/3040/18 1355/2721/18 1354/2720/18
f 1610/3041/1 1609/3042/1 1359/2725/1 1360/2724/1
f 1608/3043/1 1607/3044/1 1357/2729/1 1358/2728/1
f 1342/2731/146 1359/2734/146 1609/3045/146 1571/3046/146
f 1568/3047/147 1608/3043/147 1358/2728/147 1340/3048/147
f 1573/3049/148 1610/3041/148 1360/2724/148 1344/2738/148
f 1542/3012/131 1586/3011/131 1614/2944/131 1612/2943/131
f 1625/3050/1 1585/3051/1 1614/3052/1 1627/3053/1
f 1342/2743/1 1571/3054/1 1613/2897/1 1361/2556/1
f 1623/3055/18 1628/2863/18 1612/2866/18 1541/3056/18
f 1539/2998/133 1583/2997/133 1618/2954/133 1616/2953/133
f 1631/3057/1 1582/3058/1 1618/3059/1 1633/3060/1
f 1339/2751/1 1567/3061/1 1617/2895/1 1363/2552/1
f 1629/3062/18 1634/2867/18 1616/2870/18 1538/3063/18
f 1321/2755/18 1362/2487/18 1615/2848/18 1523/3064/18
f 1545/3022/142 1589/2916/142 1622/3028/142 1620/3027/142
f 1638/3065/1 1590/3066/1 1622/3067/1 1639/3068/1
f 1347/2711/1 1576/3034/1 1621/2903/1 1365/2568/1
f 1636/3069/18 1640/2855/18 1620/2858/18 1546/3070/18
f 1328/2710/18 1364/2499/18 1619/2854/18 1532/3033/18
f 1527/2952/18 1611/3071/18 1628/2863/18 1623/3055/18
f 1571/3054/1 1625/3050/1 1627/3053/1 1613/2897/1
f 1528/3072/128 1572/3073/128 1626/3010/128 1624/3009/128
f 1541/2946/28 1585/2945/28 1625/3004/28 1623/3003/28
f 1613/2897/1 1627/3053/1 1626/3074/1 1572/2898/1
f 1611/3071/18 1528/3075/18 1624/2864/18 1628/2863/18
f 1523/3064/18 1615/2848/18 1634/2867/18 1629/3062/18
f 1567/3061/1 1631/3057/1 1633/3060/1 1617/2895/1
f 1524/3076/128 1568/3077/128 1632/2996/128 1630/2995/128
f 1538/2956/28 1582/2955/28 1631/2984/28 1629/2983/28
f 1617/2895/1 1633/3060/1 1632/3078/1 1568/2896/1
f 1615/2848/18 1524/2847/18 1630/2868/18 1634/2867/18
f 1532/3033/18 1619/2854/18 1640/2855/18 1636/3069/18
f 1576/3034/1 1638/3065/1 1639/3068/1 1621/2903/1
f 1546/3030/28 1590/3029/28 1638/3024/28 1636/3023/28
f 1531/3036/128 1575/3035/128 1637/2913/128 1635/3021/128
f 1621/2903/1 1639/3068/1 1637/3079/1 1575/2904/1
f 1619/2854/18 1531/2853/18 1635/2856/18 1640/2855/18
f 1652/3080/1 1651/3081/1 1646/3082/1 1645/3083/1
f 1648/3084/1 1647/3085/1 1644/3086/1 1643/3087/1
f 1650/3088/1 1649/3089/1 1642/3090/1 1641/3091/1
f 1626/3010/128 1643/3092/128 1644/3093/128 1586/3011/128
f 1614/3094/127 1647/3095/127 1648/3096/127 1627/3097/127
f 1583/2997/133 1642/3098/133 1649/3099/133 1618/2954/133
f 1632/2996/128 1641/3100/128 1642/3098/128 1583/2997/128
f 1586/3011/131 1644/3093/131 1647/3101/131 1614/2944/131
f 1622/3102/127 1651/3103/127 1652/3104/127 1639/3105/127
f 1627/3106/149 1648/3107/149 1643/3108/149 1626/3109/149
f 1589/2916/142 1646/2915/142 1651/3110/142 1622/3028/142
f 1639/3111/150 1652/3112/150 1645/3113/150 1637/3114/150
f 1566/2981/151 1568/3077/151 1524/3076/151 1522/2982/151
f 1608/3115/151 1568/3077/151 1566/2981/151 1607/3116/151
f 1526/2883/18 1528/3075/18 1324/2815/18 1323/2538/18
f 1514/2624/18 1324/2815/18 1528/3075/18 1611/3071/18 1527/2952/18
f 1570/3117/152 1341/2819/152 1354/2818/152 1604/3118/152
f 1572/3119/153 1605/3040/153 1355/2721/153 1343/3120/153
f 1605/3121/53 1604/3122/53 1570/3001/53 1572/3073/53
f 1526/3002/52 1570/3001/52 1572/3073/52 1528/3072/52
f 1529/3013/154 1527/3006/154 1571/3005/154 1573/3014/154
f 1609/3123/154 1610/3124/154 1573/3014/154 1571/3005/154
f 1574/3125/155 1606/3038/155 1356/2717/155 1345/3126/155
f 1567/3127/152 1339/2831/152 1353/2830/152 1603/3128/152
f 1603/3129/57 1567/2985/57 1574/3020/57 1606/3130/57
f 1530/3019/56 1523/2986/56 1567/2985/56 1574/3020/56
f 1523/3064/18 1530/2851/18 1326/2498/18 1321/2755/18
f 1653/2157/18 1655/2156/18 1656/3131/18
f 1656/3131/18 1655/2156/18 1657/3132/18
f 1657/3132/18 1655/2156/18 1654/2169/18
f 1658/3133/1 1660/3134/1 1661/3135/1
f 1661/3136/1 1660/2164/1 1662/3137/1
f 1662/3138/1 1660/3139/1 1659/3140/1
f 1663/2168/18 1665/2167/18 1666/3141/18
f 1666/3141/18 1665/2167/18 1667/3142/18
f 1667/3142/18 1665/2167/18 1664/2166/18
f 1668/3143/1 1670/3144/1 1671/3145/1
f 1671/3145/1 1670/3144/1 1672/3146/1
f 1672/3146/1 1670/3144/1 1669/3147/1
f 1673/2838/18 1675/2159/18 1676/3148/18
f 1676/3148/18 1675/2159/18 1677/3149/18
f 1677/3149/18 1675/2159/18 1674/2158/18
f 1678/3150/1 1680/3151/1 1681/3152/1
f 1681/3152/1 1680/3151/1 1682/3153/1
f 1682/3153/1 1680/3151/1 1679/3154/1
f 1653/3155/156 1656/3156/156 1662/3157/156 1659/3158/156
f 1656/3156/6 1657/3159/6 1661/3160/6 1662/3157/6
f 1657/3161/157 1654/2840/157 1658/2843/157 1661/3162/157
f 1668/2837/158 1671/3163/158 1667/3164/158 1664/2836/158
f 1671/3163/159 1672/3165/159 1666/3166/159 1667/3164/159
f 1672/3165/160 1669/2842/160 1663/2841/160 1666/3166/160
f 1678/3167/161 1681/3168/161 1677/3169/161 1674/3170/161
f 1681/3168/162 1682/3171/162 1676/3172/162 1677/3169/162
f 1682/3171/163 1679/2182/163 1673/2181/163 1676/3172/163
f 1653/3155/164 1659/3158/164 1678/3167/164 1674/3170/164
f 1847/3173/1 1851/3174/1 2068/3175/1 2069/3176/1
f 1848/3177/1 1844/3178/1 1793/3179/1 1791/3180/1
f 1845/3181/1 1849/3182/1 1850/3183/1 1846/3184/1
f 1688/3185/6 1767/3186/6 1764/3187/6 1684/3188/6
f 1712/3189/9 1789/3190/9 1765/3191/9 1686/3192/9
f 1683/3193/9 1763/3194/9 1768/3195/9 1687/3196/9
f 1855/3197/1 1859/3198/1 2084/3199/1 1772/3200/1
f 1856/3201/1 1852/3202/1 1795/3203/1 1794/3204/1
f 1853/3205/1 1857/3206/1 1858/3207/1 1854/3208/1
f 1691/3209/6 2070/3210/6 1770/3211/6 1689/3212/6
f 1687/3196/9 1768/3195/9 1769/3213/9 1690/3214/9
f 1690/3214/9 1769/3213/9 1771/3215/9 1692/3216/9
f 1863/3217/1 1867/3218/1 2071/3219/1 2074/3220/1
f 1864/3221/1 1860/3222/1 1797/3223/1 1796/3224/1
f 1861/3225/1 1865/3226/1 1866/3227/1 1862/3228/1
f 1695/3229/6 1776/3230/6 1774/3231/6 1693/3232/6
f 1692/3216/9 1771/3215/9 1773/3233/9 1694/3234/9
f 1694/3234/9 1773/3233/9 1775/3235/9 1696/3236/9
f 1871/3237/1 1875/3238/1 2085/3239/1 2060/3240/1
f 1872/3241/1 1868/3242/1 1799/3243/1 1798/3244/1
f 1869/3245/1 1873/3246/1 1874/3247/1 1870/3248/1
f 1699/3249/6 1780/3250/6 1778/3251/6 1697/3252/6
f 1696/3236/9 1775/3235/9 1777/3253/9 1698/3254/9
f 1698/3254/9 1777/3253/9 1779/3255/9 1700/3256/9
f 1879/3257/1 1883/3258/1 2072/3259/1 2075/3260/1
f 1880/3261/1 1876/3262/1 1801/3263/1 1800/3264/1
f 1877/3265/1 1881/3266/1 1882/3267/1 1878/3268/1
f 1703/3269/6 1784/3270/6 1782/3271/6 1701/3272/6
f 1700/3256/9 1779/3255/9 1781/3273/9 1702/3274/9
f 1702/3274/9 1781/3273/9 1783/3275/9 1704/3276/9
f 1887/3277/1 1891/3278/1 2086/3279/1 2061/3280/1
f 1888/3281/1 1884/3282/1 1803/3283/1 1802/3284/1
f 1885/3285/1 1889/3286/1 1890/3287/1 1886/3288/1
f 1708/3289/6 1788/3290/6 1786/3291/6 1705/3292/6
f 1704/3276/9 1783/3275/9 1785/3293/9 1706/3294/9
f 1707/3295/6 1802/3296/6 1801/3297/6 1710/3298/6
f 1706/3294/9 1785/3293/9 1787/3299/9 1709/3300/9
f 1895/3301/1 1899/3302/1 2073/3303/1 2076/3304/1
f 1896/3305/1 1892/3306/1 1792/3307/1 1804/3308/1
f 1893/3309/1 1897/3310/1 1898/3311/1 1894/3312/1
f 1685/3313/6 1766/3314/6 1790/3315/6 1711/3316/6
f 1876/3317/11 1901/3318/11 1877/3319/11 1878/3320/11 1900/3321/11 1879/3322/11 1784/3270/11 1703/3269/11 1710/3298/11 1801/3297/11
f 1709/3300/9 1787/3299/9 1789/3190/9 1712/3189/9
f 1903/3323/1 1905/3324/1 1804/3308/1 1792/3307/1
f 1904/3325/1 1902/3326/1 1765/3327/1 1789/3328/1
f 1905/3324/1 1907/3329/1 1803/3283/1 1804/3308/1
f 1906/3330/1 1904/3325/1 1789/3328/1 1787/3331/1
f 1907/3329/1 1909/3332/1 1802/3284/1 1803/3283/1
f 1908/3333/1 1906/3330/1 1787/3331/1 1785/3334/1
f 1909/3332/1 1911/3335/1 1801/3263/1 1802/3284/1
f 1910/3336/1 1908/3333/1 1785/3334/1 1783/3337/1
f 1911/3335/1 1913/3338/1 1800/3264/1 1801/3263/1
f 1912/3339/1 1910/3336/1 1783/3337/1 1781/3340/1
f 1913/3338/1 1915/3341/1 1799/3243/1 1800/3264/1
f 1914/3342/1 1912/3339/1 1781/3340/1 1779/3343/1
f 1915/3341/1 1917/3344/1 1798/3244/1 1799/3243/1
f 1916/3345/1 1914/3342/1 1779/3343/1 1777/3346/1
f 1917/3344/1 1919/3347/1 1797/3223/1 1798/3244/1
f 1918/3348/1 1916/3345/1 1777/3346/1 1775/3349/1
f 1919/3347/1 1921/3350/1 1796/3224/1 1797/3223/1
f 1920/3351/1 1918/3348/1 1775/3349/1 1773/3352/1
f 1921/3350/1 1923/3353/1 1795/3203/1 1796/3224/1
f 1922/3354/1 1920/3351/1 1773/3352/1 1771/3355/1
f 1923/3353/1 1925/3356/1 1794/3204/1 1795/3203/1
f 1924/3357/1 1922/3354/1 1771/3355/1 1769/3358/1
f 1925/3356/1 1927/3359/1 1793/3179/1 1794/3204/1
f 1926/3360/1 1924/3357/1 1769/3358/1 1768/3361/1
f 1927/3359/1 1929/3362/1 1791/3180/1 1793/3179/1
f 1928/3363/1 1926/3360/1 1768/3361/1 1763/3364/1
f 1790/3365/12 1899/3366/12 1930/3367/12 1898/3368/12 1897/3369/12 1931/3370/12 1896/3371/12 1804/3372/12 1714/3373/12 1711/3374/12
f 1715/3375/6 1714/3373/6 1804/3372/6 1803/3376/6
f 1782/3271/12 1883/3377/12 1932/3378/12 1882/3379/12 1881/3380/12 1933/3381/12 1880/3382/12 1800/3383/12 1716/3384/12 1701/3272/12
f 1717/3385/6 1716/3384/6 1800/3383/6 1799/3386/6
f 1860/3387/11 1935/3388/11 1861/3389/11 1862/3390/11 1934/3391/11 1863/3392/11 1776/3230/11 1695/3229/11 1718/3393/11 1797/3394/11
f 1718/3393/6 1719/3395/6 1798/3396/6 1797/3394/6
f 1774/3231/12 1867/3397/12 1936/3398/12 1866/3399/12 1865/3400/12 1937/3401/12 1864/3402/12 1796/3403/12 1720/3404/12 1693/3232/12
f 1854/3405/11 1938/3406/11 1855/3407/11 2070/3210/11 1691/3209/11 1721/3408/11 1795/3409/11 1852/3410/11 1939/3411/11 1853/3412/11
f 1721/3408/6 1720/3404/6 1796/3403/6 1795/3409/6
f 1770/3211/12 1859/3413/12 1940/3414/12 1858/3415/12 1857/3416/12 1941/3417/12 1856/3418/12 1794/3419/12 1723/3420/12 1689/3212/12
f 1722/3421/6 1723/3420/6 1794/3419/6 1793/3422/6
f 1844/3423/11 1943/3424/11 1845/3425/11 1846/3426/11 1942/3427/11 1847/3428/11 1767/3186/11 1688/3185/11 1722/3421/11 1793/3422/11
f 1778/3251/12 1875/3429/12 1944/3430/12 1874/3431/12 1873/3432/12 1945/3433/12 1872/3434/12 1798/3396/12 1719/3395/12 1697/3252/12
f 1870/3435/11 1946/3436/11 1871/3437/11 1780/3250/11 1699/3249/11 1717/3385/11 1799/3386/11 1868/3438/11 1947/3439/11 1869/3440/11
f 1886/3441/11 1948/3442/11 1887/3443/11 1788/3290/11 1708/3289/11 1715/3375/11 1803/3376/11 1884/3444/11 1949/3445/11 1885/3446/11
f 1929/3447/12 1950/3448/12 1928/3449/12 1763/3194/12 1683/3193/12 1713/3450/12 1791/3451/12
f 1786/3291/12 1891/3452/12 1951/3453/12 1890/3454/12 1889/3455/12 1952/3456/12 1888/3457/12 1802/3296/12 1707/3295/12 1705/3292/12
f 1851/3458/12 1953/3459/12 1850/3460/12 1849/3461/12 1954/3462/12 1848/3463/12 1791/3451/12 1713/3450/12 1684/3188/12 1764/3187/12
f 1958/3464/1 1962/3465/1 2079/3466/1 2078/3467/1
f 1959/3468/1 1955/3469/1 1831/3470/1 1832/3471/1
f 1961/3472/1 1957/3473/1 1956/3474/1 1960/3475/1
f 1727/3476/6 1725/3477/6 1806/3478/6 1807/3479/6
f 1751/3480/9 1686/3481/9 1765/3482/9 1829/3483/9
f 1724/3484/9 1726/3485/9 1808/3486/9 1805/3487/9
f 1966/3488/1 1970/3489/1 2063/3490/1 2062/3491/1
f 1967/3492/1 1963/3493/1 1833/3494/1 1834/3495/1
f 1969/3496/1 1965/3497/1 1964/3498/1 1968/3499/1
f 1730/3500/6 1728/3501/6 1810/3502/6 1812/3503/6
f 1726/3485/9 1729/3504/9 1809/3505/9 1808/3486/9
f 1729/3504/9 1731/3506/9 1811/3507/9 1809/3505/9
f 1974/3508/1 1975/3509/1 2081/3510/1 2080/3511/1
f 1976/3512/1 1971/3513/1 1835/3514/1 1836/3515/1
f 1978/3516/1 1973/3517/1 1972/3518/1 1977/3519/1
f 1734/3520/6 1732/3521/6 1814/3522/6 1816/3523/6
f 1731/3506/9 1733/3524/9 1813/3525/9 1811/3507/9
f 1733/3524/9 1735/3526/9 1815/3527/9 1813/3525/9
f 1982/3528/1 1986/3529/1 2065/3530/1 2064/3531/1
f 1983/3532/1 1979/3533/1 1837/3534/1 1838/3535/1
f 1985/3536/1 1981/3537/1 1980/3538/1 1984/3539/1
f 1738/3540/6 1736/3541/6 1818/3542/6 1820/3543/6
f 1735/3526/9 1737/3544/9 1817/3545/9 1815/3527/9
f 1737/3544/9 1739/3546/9 1819/3547/9 1817/3545/9
f 1990/3548/1 1991/3549/1 2083/3550/1 2082/3551/1
f 1992/3552/1 1987/3553/1 1839/3554/1 1840/3555/1
f 1994/3556/1 1989/3557/1 1988/3558/1 1993/3559/1
f 1742/3560/6 1740/3561/6 1822/3562/6 1824/3563/6
f 1739/3546/9 1741/3564/9 1821/3565/9 1819/3547/9
f 1741/3564/9 1743/3566/9 1823/3567/9 1821/3565/9
f 1998/3568/1 2002/3569/1 2067/3570/1 2066/3571/1
f 1999/3572/1 1995/3573/1 1841/3574/1 1842/3575/1
f 2001/3576/1 1997/3577/1 1996/3578/1 2000/3579/1
f 1747/3580/6 1744/3581/6 1826/3582/6 1828/3583/6
f 1743/3566/9 1745/3584/9 1825/3585/9 1823/3567/9
f 1746/3586/6 1749/3587/6 1840/3588/6 1841/3589/6
f 1745/3584/9 1748/3590/9 1827/3591/9 1825/3585/9
f 2006/3592/1 1895/3301/1 2076/3304/1 1830/3593/1
f 1892/3306/1 2003/3594/1 1843/3595/1 1792/3307/1
f 2004/3596/1 1893/3309/1 1894/3312/1 2005/3597/1
f 1685/3313/6 1750/3598/6 2077/3599/6 1766/3314/6
f 1824/3563/12 1991/3600/12 2007/3601/12 1994/3602/12 1993/3603/12 2008/3604/12 1992/3605/12 1840/3588/12 1749/3587/12 1742/3560/12
f 1748/3590/9 1751/3480/9 1829/3483/9 1827/3591/9
f 2010/3606/1 1903/3323/1 1792/3307/1 1843/3595/1
f 1902/3326/1 2009/3607/1 1829/3608/1 1765/3327/1
f 2012/3609/1 2010/3606/1 1843/3595/1 1842/3575/1
f 2009/3607/1 2011/3610/1 1827/3611/1 1829/3608/1
f 2014/3612/1 2012/3609/1 1842/3575/1 1841/3574/1
f 2011/3610/1 2013/3613/1 1825/3614/1 1827/3611/1
f 2016/3615/1 2014/3612/1 1841/3574/1 1840/3555/1
f 2013/3613/1 2015/3616/1 1823/3617/1 1825/3614/1
f 2018/3618/1 2016/3615/1 1840/3555/1 1839/3554/1
f 2015/3616/1 2017/3619/1 1821/3620/1 1823/3617/1
f 2020/3621/1 2018/3618/1 1839/3554/1 1838/3535/1
f 2017/3619/1 2019/3622/1 1819/3623/1 1821/3620/1
f 2022/3624/1 2020/3621/1 1838/3535/1 1837/3534/1
f 2019/3622/1 2021/3625/1 1817/3626/1 1819/3623/1
f 2024/3627/1 2022/3624/1 1837/3534/1 1836/3515/1
f 2021/3625/1 2023/3628/1 1815/3629/1 1817/3626/1
f 2026/3630/1 2024/3627/1 1836/3515/1 1835/3514/1
f 2023/3628/1 2025/3631/1 1813/3632/1 1815/3629/1
f 2028/3633/1 2026/3630/1 1835/3514/1 1834/3495/1
f 2025/3631/1 2027/3634/1 1811/3635/1 1813/3632/1
f 2030/3636/1 2028/3633/1 1834/3495/1 1833/3494/1
f 2027/3634/1 2029/3637/1 1809/3638/1 1811/3635/1
f 2032/3639/1 2030/3636/1 1833/3494/1 1832/3471/1
f 2029/3637/1 2031/3640/1 1808/3641/1 1809/3638/1
f 2034/3642/1 2032/3639/1 1832/3471/1 1831/3470/1
f 2031/3640/1 2033/3643/1 1805/3644/1 1808/3641/1
f 2036/3645/11 2004/3646/11 2005/3647/11 2035/3648/11 2006/3649/11 2077/3650/11 1750/3651/11 1753/3652/11 1843/3653/11 2003/3654/11
f 1754/3655/6 1842/3656/6 1843/3653/6 1753/3652/6
f 2038/3657/11 1988/3658/11 1989/3659/11 2037/3660/11 1990/3661/11 1822/3562/11 1740/3561/11 1755/3662/11 1839/3663/11 1987/3664/11
f 1756/3665/6 1838/3666/6 1839/3663/6 1755/3662/6
f 1816/3523/12 1975/3667/12 2039/3668/12 1978/3669/12 1977/3670/12 2040/3671/12 1976/3672/12 1836/3673/12 1757/3674/12 1734/3520/12
f 1757/3674/6 1836/3673/6 1837/3675/6 1758/3676/6
f 2042/3677/11 1972/3678/11 1973/3679/11 2041/3680/11 1974/3681/11 1814/3522/11 1732/3521/11 1759/3682/11 1835/3683/11 1971/3684/11
f 1812/3503/12 1970/3685/12 2043/3686/12 1969/3687/12 1968/3688/12 2044/3689/12 1967/3690/12 1834/3691/12 1760/3692/12 1730/3500/12
f 1760/3692/6 1834/3691/6 1835/3683/6 1759/3682/6
f 1963/3693/11 2046/3694/11 1964/3695/11 1965/3696/11 2045/3697/11 1966/3698/11 1810/3502/11 1728/3501/11 1762/3699/11 1833/3700/11
f 1761/3701/6 1832/3702/6 1833/3700/6 1762/3699/6
f 2047/3703/12 1961/3704/12 1960/3705/12 2048/3706/12 1959/3707/12 1832/3702/12 1761/3701/12 1727/3476/12 1807/3479/12 1962/3708/12
f 1979/3709/11 2050/3710/11 1980/3711/11 1981/3712/11 2049/3713/11 1982/3714/11 1818/3542/11 1736/3541/11 1758/3676/11 1837/3675/11
f 1820/3543/12 1986/3715/12 2051/3716/12 1985/3717/12 1984/3718/12 2052/3719/12 1983/3720/12 1838/3666/12 1756/3665/12 1738/3540/12
f 1828/3583/12 2002/3721/12 2053/3722/12 2001/3723/12 2000/3724/12 2054/3725/12 1999/3726/12 1842/3656/12 1754/3655/12 1747/3580/12
f 2033/3727/11 2055/3728/11 2034/3729/11 1831/3730/11 1752/3731/11 1724/3732/11 1805/3733/11
f 1995/3734/11 2057/3735/11 1996/3736/11 1997/3737/11 2056/3738/11 1998/3739/11 1826/3582/11 1744/3581/11 1746/3586/11 1841/3589/11
f 1957/3740/11 2058/3741/11 1958/3742/11 1806/3478/11 1725/3477/11 1752/3731/11 1831/3730/11 1955/3743/11 2059/3744/11 1956/3745/11
f 1851/3174/165 1847/3173/165 1942/3746/165 1953/3747/165
f 1855/3197/165 1938/3748/165 1940/3749/165 1859/3198/165
f 1871/3237/165 1946/3750/165 1944/3751/165 1875/3238/165
f 1883/3258/165 1879/3257/165 1900/3752/165 1932/3753/165
f 1887/3277/165 1948/3754/165 1951/3755/165 1891/3278/165
f 1867/3218/165 1863/3217/165 1934/3756/165 1936/3757/165
f 1895/3301/165 2006/3592/165 2035/3758/165 1930/3759/165 1899/3302/165
f 1998/3568/165 2056/3760/165 2053/3761/165 2002/3569/165
f 1982/3528/165 2049/3762/165 2051/3763/165 1986/3529/165
f 1975/3509/165 1974/3508/165 2041/3764/165 2039/3765/165
f 1966/3488/165 2045/3766/165 2043/3767/165 1970/3489/165
f 1991/3549/165 1990/3548/165 2037/3768/165 2007/3769/165
f 1958/3464/165 2058/3770/165 2047/3771/165 1962/3465/165
f 1846/3184/166 1850/3183/166 1953/3747/166 1942/3746/166
f 1854/3208/166 1858/3207/166 1940/3749/166 1938/3748/166
f 1870/3248/166 1874/3247/166 1944/3751/166 1946/3750/166
f 1866/3227/166 1936/3757/166 1934/3756/166 1862/3228/166
f 1882/3267/166 1932/3753/166 1900/3752/166 1878/3268/166
f 1886/3288/166 1890/3287/166 1951/3755/166 1948/3754/166
f 1898/3311/166 1930/3759/166 2035/3758/166 2005/3597/166 1894/3312/166
f 1997/3577/166 2001/3576/166 2053/3761/166 2056/3760/166
f 1981/3537/166 1985/3536/166 2051/3763/166 2049/3762/166
f 1994/3556/166 2007/3769/166 2037/3768/166 1989/3557/166
f 1978/3516/166 2039/3765/166 2041/3764/166 1973/3517/166
f 1965/3497/166 1969/3496/166 2043/3767/166 2045/3766/166
f 1961/3472/166 2047/3771/166 2058/3770/166 1957/3473/166
f 1849/3182/165 1845/3181/165 1943/3772/165 1954/3773/165
f 1853/3205/165 1939/3774/165 1941/3775/165 1857/3206/165
f 1869/3245/165 1947/3776/165 1945/3777/165 1873/3246/165
f 1881/3266/165 1877/3265/165 1901/3778/165 1933/3779/165
f 1885/3285/165 1949/3780/165 1952/3781/165 1889/3286/165
f 1865/3226/165 1861/3225/165 1935/3782/165 1937/3783/165
f 1893/3309/165 2004/3596/165 2036/3784/165 1931/3785/165 1897/3310/165
f 1996/3578/165 2057/3786/165 2054/3787/165 2000/3579/165
f 1980/3538/165 2050/3788/165 2052/3789/165 1984/3539/165
f 1977/3519/165 1972/3518/165 2042/3790/165 2040/3791/165
f 1964/3498/165 2046/3792/165 2044/3793/165 1968/3499/165
f 1993/3559/165 1988/3558/165 2038/3794/165 2008/3795/165
f 1956/3474/165 2059/3796/165 2048/3797/165 1960/3475/165
f 1844/3178/166 1848/3177/166 1954/3773/166 1943/3772/166
f 1852/3202/166 1856/3201/166 1941/3775/166 1939/3774/166
f 1868/3242/166 1872/3241/166 1945/3777/166 1947/3776/166
f 1864/3221/166 1937/3783/166 1935/3782/166 1860/3222/166
f 1880/3261/166 1933/3779/166 1901/3778/166 1876/3262/166
f 1884/3282/166 1888/3281/166 1952/3781/166 1949/3780/166
f 1896/3305/166 1931/3785/166 2036/3784/166 2003/3594/166 1892/3306/166
f 1995/3573/166 1999/3572/166 2054/3787/166 2057/3786/166
f 1979/3533/166 1983/3532/166 2052/3789/166 2050/3788/166
f 1992/3552/166 2008/3795/166 2038/3794/166 1987/3553/166
f 1976/3512/166 2040/3791/166 2042/3790/166 1971/3513/166
f 1963/3493/166 1967/3492/166 2044/3793/166 2046/3792/166
f 1959/3468/166 2048/3797/166 2059/3796/166 1955/3469/166
f 2032/3639/165 2034/3642/165 2055/3798/165 1950/3799/165 1929/3362/165 1927/3359/165 1925/3356/165 1923/3353/165 1921/3350/165 1919/3347/165 1917/3344/165 1915/3341/165 1913/3338/165 1911/3335/165 1909/3332/165 1907/3329/165 1905/3324/165 1903/3323/165 2010/3606/165 2012/3609/165 2014/3612/165 2016/3615/165 2018/3618/165 2020/3621/165 2022/3624/165 2024/3627/165 2026/3630/165 2028/3633/165 2030/3636/165
f 1950/3799/166 2055/3798/166 2033/3643/166 2031/3640/166 2029/3637/166 2027/3634/166 2025/3631/166 2023/3628/166 2021/3625/166 2019/3622/166 2017/3619/166 2015/3616/166 2013/3613/166 2011/3610/166 2009/3607/166 1902/3326/166 1904/3325/166 1906/3330/166 1908/3333/166 1910/3336/166 1912/3339/166 1914/3342/166 1916/3345/166 1918/3348/166 1920/3351/166 1922/3354/166 1924/3357/166 1926/3360/166 1928/3363/166
f 2171/3800/18 2393/3801/18 2392/3802/18 2175/3803/18
f 2172/3804/18 2115/3805/18 2117/3806/18 2168/3807/18
f 2169/3808/18 2170/3809/18 2174/3810/18 2173/3811/18
f 1688/3185/6 1684/3188/6 2088/3812/6 2091/3813/6
f 1712/3189/9 1686/3192/9 2089/3814/9 2113/3815/9
f 1683/3193/9 1687/3196/9 2092/3816/9 2087/3817/9
f 2179/3818/18 2096/3819/18 2408/3820/18 2183/3821/18
f 2180/3822/18 2118/3823/18 2119/3824/18 2176/3825/18
f 2177/3826/18 2178/3827/18 2182/3828/18 2181/3829/18
f 1691/3209/6 1689/3212/6 2094/3830/6 2394/3831/6
f 1687/3196/9 1690/3214/9 2093/3832/9 2092/3816/9
f 1690/3214/9 1692/3216/9 2095/3833/9 2093/3832/9
f 2187/3834/18 2398/3835/18 2395/3836/18 2191/3837/18
f 2188/3838/18 2120/3839/18 2121/3840/18 2184/3841/18
f 2185/3842/18 2186/3843/18 2190/3844/18 2189/3845/18
f 1695/3229/6 1693/3232/6 2098/3846/6 2100/3847/6
f 1692/3216/9 1694/3234/9 2097/3848/9 2095/3833/9
f 1694/3234/9 1696/3236/9 2099/3849/9 2097/3848/9
f 2195/3850/18 2384/3851/18 2409/3852/18 2199/3853/18
f 2196/3854/18 2122/3855/18 2123/3856/18 2192/3857/18
f 2193/3858/18 2194/3859/18 2198/3860/18 2197/3861/18
f 1699/3249/6 1697/3252/6 2102/3862/6 2104/3863/6
f 1696/3236/9 1698/3254/9 2101/3864/9 2099/3849/9
f 1698/3254/9 1700/3256/9 2103/3865/9 2101/3864/9
f 2203/3866/18 2399/3867/18 2396/3868/18 2207/3869/18
f 2204/3870/18 2124/3871/18 2125/3872/18 2200/3873/18
f 2201/3874/18 2202/3875/18 2206/3876/18 2205/3877/18
f 1703/3269/6 1701/3272/6 2106/3878/6 2108/3879/6
f 1700/3256/9 1702/3274/9 2105/3880/9 2103/3865/9
f 1702/3274/9 1704/3276/9 2107/3881/9 2105/3880/9
f 2211/3882/18 2385/3883/18 2410/3884/18 2215/3885/18
f 2212/3886/18 2126/3887/18 2127/3888/18 2208/3889/18
f 2209/3890/18 2210/3891/18 2214/3892/18 2213/3893/18
f 1708/3289/6 1705/3292/6 2110/3894/6 2112/3895/6
f 1704/3276/9 1706/3294/9 2109/3896/9 2107/3881/9
f 1707/3295/6 1710/3298/6 2125/3897/6 2126/3898/6
f 1706/3294/9 1709/3300/9 2111/3899/9 2109/3896/9
f 2219/3900/18 2400/3901/18 2397/3902/18 2223/3903/18
f 2220/3904/18 2128/3905/18 2116/3906/18 2216/3907/18
f 2217/3908/18 2218/3909/18 2222/3910/18 2221/3911/18
f 1685/3313/6 1711/3316/6 2114/3912/6 2090/3913/6
f 2200/3914/11 2125/3897/11 1710/3298/11 1703/3269/11 2108/3879/11 2203/3915/11 2224/3916/11 2202/3917/11 2201/3918/11 2225/3919/11
f 1709/3300/9 1712/3189/9 2113/3815/9 2111/3899/9
f 2227/3920/18 2116/3906/18 2128/3905/18 2229/3921/18
f 2228/3922/18 2113/3923/18 2089/3924/18 2226/3925/18
f 2229/3921/18 2128/3905/18 2127/3888/18 2231/3926/18
f 2230/3927/18 2111/3928/18 2113/3923/18 2228/3922/18
f 2231/3926/18 2127/3888/18 2126/3887/18 2233/3929/18
f 2232/3930/18 2109/3931/18 2111/3928/18 2230/3927/18
f 2233/3929/18 2126/3887/18 2125/3872/18 2235/3932/18
f 2234/3933/18 2107/3934/18 2109/3931/18 2232/3930/18
f 2235/3932/18 2125/3872/18 2124/3871/18 2237/3935/18
f 2236/3936/18 2105/3937/18 2107/3934/18 2234/3933/18
f 2237/3935/18 2124/3871/18 2123/3856/18 2239/3938/18
f 2238/3939/18 2103/3940/18 2105/3937/18 2236/3936/18
f 2239/3938/18 2123/3856/18 2122/3855/18 2241/3941/18
f 2240/3942/18 2101/3943/18 2103/3940/18 2238/3939/18
f 2241/3941/18 2122/3855/18 2121/3840/18 2243/3944/18
f 2242/3945/18 2099/3946/18 2101/3943/18 2240/3942/18
f 2243/3944/18 2121/3840/18 2120/3839/18 2245/3947/18
f 2244/3948/18 2097/3949/18 2099/3946/18 2242/3945/18
f 2245/3947/18 2120/3839/18 2119/3824/18 2247/3950/18
f 2246/3951/18 2095/3952/18 2097/3949/18 2244/3948/18
f 2247/3950/18 2119/3824/18 2118/3823/18 2249/3953/18
f 2248/3954/18 2093/3955/18 2095/3952/18 2246/3951/18
f 2249/3953/18 2118/3823/18 2117/3806/18 2251/3956/18
f 2250/3957/18 2092/3958/18 2093/3955/18 2248/3954/18
f 2251/3956/18 2117/3806/18 2115/3805/18 2253/3959/18
f 2252/3960/18 2087/3961/18 2092/3958/18 2250/3957/18
f 2114/3962/12 1711/3374/12 1714/3373/12 2128/3963/12 2220/3964/12 2255/3965/12 2221/3966/12 2222/3967/12 2254/3968/12 2223/3969/12
f 1715/3375/6 2127/3970/6 2128/3963/6 1714/3373/6
f 2106/3878/12 1701/3272/12 1716/3384/12 2124/3971/12 2204/3972/12 2257/3973/12 2205/3974/12 2206/3975/12 2256/3976/12 2207/3977/12
f 1717/3385/6 2123/3978/6 2124/3971/6 1716/3384/6
f 2184/3979/11 2121/3980/11 1718/3393/11 1695/3229/11 2100/3847/11 2187/3981/11 2258/3982/11 2186/3983/11 2185/3984/11 2259/3985/11
f 1718/3393/6 2121/3980/6 2122/3986/6 1719/3395/6
f 2098/3846/12 1693/3232/12 1720/3404/12 2120/3987/12 2188/3988/12 2261/3989/12 2189/3990/12 2190/3991/12 2260/3992/12 2191/3993/12
f 2178/3994/11 2177/3995/11 2263/3996/11 2176/3997/11 2119/3998/11 1721/3408/11 1691/3209/11 2394/3831/11 2179/3999/11 2262/4000/11
f 1721/3408/6 2119/3998/6 2120/3987/6 1720/3404/6
f 2094/3830/12 1689/3212/12 1723/3420/12 2118/4001/12 2180/4002/12 2265/4003/12 2181/4004/12 2182/4005/12 2264/4006/12 2183/4007/12
f 1722/3421/6 2117/4008/6 2118/4001/6 1723/3420/6
f 2168/4009/11 2117/4008/11 1722/3421/11 1688/3185/11 2091/3813/11 2171/4010/11 2266/4011/11 2170/4012/11 2169/4013/11 2267/4014/11
f 2102/3862/12 1697/3252/12 1719/3395/12 2122/3986/12 2196/4015/12 2269/4016/12 2197/4017/12 2198/4018/12 2268/4019/12 2199/4020/12
f 2194/4021/11 2193/4022/11 2271/4023/11 2192/4024/11 2123/3978/11 1717/3385/11 1699/3249/11 2104/3863/11 2195/4025/11 2270/4026/11
f 2210/4027/11 2209/4028/11 2273/4029/11 2208/4030/11 2127/3970/11 1715/3375/11 1708/3289/11 2112/3895/11 2211/4031/11 2272/4032/11
f 2253/4033/12 2115/4034/12 1713/3450/12 1683/3193/12 2087/3817/12 2252/4035/12 2274/4036/12
f 2110/3894/12 1705/3292/12 1707/3295/12 2126/3898/12 2212/4037/12 2276/4038/12 2213/4039/12 2214/4040/12 2275/4041/12 2215/4042/12
f 2175/4043/12 2088/3812/12 1684/3188/12 1713/3450/12 2115/4034/12 2172/4044/12 2278/4045/12 2173/4046/12 2174/4047/12 2277/4048/12
f 2282/4049/18 2402/4050/18 2403/4051/18 2286/4052/18
f 2283/4053/18 2156/4054/18 2155/4055/18 2279/4056/18
f 2285/4057/18 2284/4058/18 2280/4059/18 2281/4060/18
f 1727/3476/6 2131/4061/6 2130/4062/6 1725/3477/6
f 1751/3480/9 2153/4063/9 2089/4064/9 1686/3481/9
f 1724/3484/9 2129/4065/9 2132/4066/9 1726/3485/9
f 2290/4067/18 2386/4068/18 2387/4069/18 2294/4070/18
f 2291/4071/18 2158/4072/18 2157/4073/18 2287/4074/18
f 2293/4075/18 2292/4076/18 2288/4077/18 2289/4078/18
f 1730/3500/6 2136/4079/6 2134/4080/6 1728/3501/6
f 1726/3485/9 2132/4066/9 2133/4081/9 1729/3504/9
f 1729/3504/9 2133/4081/9 2135/4082/9 1731/3506/9
f 2298/4083/18 2404/4084/18 2405/4085/18 2299/4086/18
f 2300/4087/18 2160/4088/18 2159/4089/18 2295/4090/18
f 2302/4091/18 2301/4092/18 2296/4093/18 2297/4094/18
f 1734/3520/6 2140/4095/6 2138/4096/6 1732/3521/6
f 1731/3506/9 2135/4082/9 2137/4097/9 1733/3524/9
f 1733/3524/9 2137/4097/9 2139/4098/9 1735/3526/9
f 2306/4099/18 2388/4100/18 2389/4101/18 2310/4102/18
f 2307/4103/18 2162/4104/18 2161/4105/18 2303/4106/18
f 2309/4107/18 2308/4108/18 2304/4109/18 2305/4110/18
f 1738/3540/6 2144/4111/6 2142/4112/6 1736/3541/6
f 1735/3526/9 2139/4098/9 2141/4113/9 1737/3544/9
f 1737/3544/9 2141/4113/9 2143/4114/9 1739/3546/9
f 2314/4115/18 2406/4116/18 2407/4117/18 2315/4118/18
f 2316/4119/18 2164/4120/18 2163/4121/18 2311/4122/18
f 2318/4123/18 2317/4124/18 2312/4125/18 2313/4126/18
f 1742/3560/6 2148/4127/6 2146/4128/6 1740/3561/6
f 1739/3546/9 2143/4114/9 2145/4129/9 1741/3564/9
f 1741/3564/9 2145/4129/9 2147/4130/9 1743/3566/9
f 2322/4131/18 2390/4132/18 2391/4133/18 2326/4134/18
f 2323/4135/18 2166/4136/18 2165/4137/18 2319/4138/18
f 2325/4139/18 2324/4140/18 2320/4141/18 2321/4142/18
f 1747/3580/6 2152/4143/6 2150/4144/6 1744/3581/6
f 1743/3566/9 2147/4130/9 2149/4145/9 1745/3584/9
f 1746/3586/6 2165/4146/6 2164/4147/6 1749/3587/6
f 1745/3584/9 2149/4145/9 2151/4148/9 1748/3590/9
f 2330/4149/18 2154/4150/18 2400/3901/18 2219/3900/18
f 2216/3907/18 2116/3906/18 2167/4151/18 2327/4152/18
f 2328/4153/18 2329/4154/18 2218/3909/18 2217/3908/18
f 1685/3313/6 2090/3913/6 2401/4155/6 1750/3598/6
f 2148/4127/12 1742/3560/12 1749/3587/12 2164/4147/12 2316/4156/12 2332/4157/12 2317/4158/12 2318/4159/12 2331/4160/12 2315/4161/12
f 1748/3590/9 2151/4148/9 2153/4063/9 1751/3480/9
f 2334/4162/18 2167/4151/18 2116/3906/18 2227/3920/18
f 2226/3925/18 2089/3924/18 2153/4163/18 2333/4164/18
f 2336/4165/18 2166/4136/18 2167/4151/18 2334/4162/18
f 2333/4164/18 2153/4163/18 2151/4166/18 2335/4167/18
f 2338/4168/18 2165/4137/18 2166/4136/18 2336/4165/18
f 2335/4167/18 2151/4166/18 2149/4169/18 2337/4170/18
f 2340/4171/18 2164/4120/18 2165/4137/18 2338/4168/18
f 2337/4170/18 2149/4169/18 2147/4172/18 2339/4173/18
f 2342/4174/18 2163/4121/18 2164/4120/18 2340/4171/18
f 2339/4173/18 2147/4172/18 2145/4175/18 2341/4176/18
f 2344/4177/18 2162/4104/18 2163/4121/18 2342/4174/18
f 2341/4176/18 2145/4175/18 2143/4178/18 2343/4179/18
f 2346/4180/18 2161/4105/18 2162/4104/18 2344/4177/18
f 2343/4179/18 2143/4178/18 2141/4181/18 2345/4182/18
f 2348/4183/18 2160/4088/18 2161/4105/18 2346/4180/18
f 2345/4182/18 2141/4181/18 2139/4184/18 2347/4185/18
f 2350/4186/18 2159/4089/18 2160/4088/18 2348/4183/18
f 2347/4185/18 2139/4184/18 2137/4187/18 2349/4188/18
f 2352/4189/18 2158/4072/18 2159/4089/18 2350/4186/18
f 2349/4188/18 2137/4187/18 2135/4190/18 2351/4191/18
f 2354/4192/18 2157/4073/18 2158/4072/18 2352/4189/18
f 2351/4191/18 2135/4190/18 2133/4193/18 2353/4194/18
f 2356/4195/18 2156/4054/18 2157/4073/18 2354/4192/18
f 2353/4194/18 2133/4193/18 2132/4196/18 2355/4197/18
f 2358/4198/18 2155/4055/18 2156/4054/18 2356/4195/18
f 2355/4197/18 2132/4196/18 2129/4199/18 2357/4200/18
f 2360/4201/11 2327/4202/11 2167/4203/11 1753/3652/11 1750/3651/11 2401/4204/11 2330/4205/11 2359/4206/11 2329/4207/11 2328/4208/11
f 1754/3655/6 1753/3652/6 2167/4203/6 2166/4209/6
f 2362/4210/11 2311/4211/11 2163/4212/11 1755/3662/11 1740/3561/11 2146/4128/11 2314/4213/11 2361/4214/11 2313/4215/11 2312/4216/11
f 1756/3665/6 1755/3662/6 2163/4212/6 2162/4217/6
f 2140/4095/12 1734/3520/12 1757/3674/12 2160/4218/12 2300/4219/12 2364/4220/12 2301/4221/12 2302/4222/12 2363/4223/12 2299/4224/12
f 1757/3674/6 1758/3676/6 2161/4225/6 2160/4218/6
f 2366/4226/11 2295/4227/11 2159/4228/11 1759/3682/11 1732/3521/11 2138/4096/11 2298/4229/11 2365/4230/11 2297/4231/11 2296/4232/11
f 2136/4079/12 1730/3500/12 1760/3692/12 2158/4233/12 2291/4234/12 2368/4235/12 2292/4236/12 2293/4237/12 2367/4238/12 2294/4239/12
f 1760/3692/6 1759/3682/6 2159/4228/6 2158/4233/6
f 2287/4240/11 2157/4241/11 1762/3699/11 1728/3501/11 2134/4080/11 2290/4242/11 2369/4243/11 2289/4244/11 2288/4245/11 2370/4246/11
f 1761/3701/6 1762/3699/6 2157/4241/6 2156/4247/6
f 2371/4248/12 2286/4249/12 2131/4061/12 1727/3476/12 1761/3701/12 2156/4247/12 2283/4250/12 2372/4251/12 2284/4252/12 2285/4253/12
f 2303/4254/11 2161/4225/11 1758/3676/11 1736/3541/11 2142/4112/11 2306/4255/11 2373/4256/11 2305/4257/11 2304/4258/11 2374/4259/11
f 2144/4111/12 1738/3540/12 1756/3665/12 2162/4217/12 2307/4260/12 2376/4261/12 2308/4262/12 2309/4263/12 2375/4264/12 2310/4265/12
f 2152/4143/12 1747/3580/12 1754/3655/12 2166/4209/12 2323/4266/12 2378/4267/12 2324/4268/12 2325/4269/12 2377/4270/12 2326/4271/12
f 2357/4272/11 2129/4273/11 1724/3732/11 1752/3731/11 2155/4274/11 2358/4275/11 2379/4276/11
f 2319/4277/11 2165/4146/11 1746/3586/11 1744/3581/11 2150/4144/11 2322/4278/11 2380/4279/11 2321/4280/11 2320/4281/11 2381/4282/11
f 2281/4283/11 2280/4284/11 2383/4285/11 2279/4286/11 2155/4274/11 1752/3731/11 1725/3477/11 2130/4062/11 2282/4287/11 2382/4288/11
f 2175/3803/167 2277/4289/167 2266/4290/167 2171/3800/167
f 2179/3818/167 2183/3821/167 2264/4291/167 2262/4292/167
f 2195/3850/167 2199/3853/167 2268/4293/167 2270/4294/167
f 2207/3869/167 2256/4295/167 2224/4296/167 2203/3866/167
f 2211/3882/167 2215/3885/167 2275/4297/167 2272/4298/167
f 2191/3837/167 2260/4299/167 2258/4300/167 2187/3834/167
f 2219/3900/167 2223/3903/167 2254/4301/167 2359/4302/167 2330/4149/167
f 2322/4131/167 2326/4134/167 2377/4303/167 2380/4304/167
f 2306/4099/167 2310/4102/167 2375/4305/167 2373/4306/167
f 2299/4086/167 2363/4307/167 2365/4308/167 2298/4083/167
f 2290/4067/167 2294/4070/167 2367/4309/167 2369/4310/167
f 2315/4118/167 2331/4311/167 2361/4312/167 2314/4115/167
f 2282/4049/167 2286/4052/167 2371/4313/167 2382/4314/167
f 2170/3809/168 2266/4290/168 2277/4289/168 2174/3810/168
f 2178/3827/168 2262/4292/168 2264/4291/168 2182/3828/168
f 2194/3859/168 2270/4294/168 2268/4293/168 2198/3860/168
f 2190/3844/168 2186/3843/168 2258/4300/168 2260/4299/168
f 2206/3876/168 2202/3875/168 2224/4296/168 2256/4295/168
f 2210/3891/168 2272/4298/168 2275/4297/168 2214/3892/168
f 2222/3910/168 2218/3909/168 2329/4154/168 2359/4302/168 2254/4301/168
f 2321/4142/168 2380/4304/168 2377/4303/168 2325/4139/168
f 2305/4110/168 2373/4306/168 2375/4305/168 2309/4107/168
f 2318/4123/168 2313/4126/168 2361/4312/168 2331/4311/168
f 2302/4091/168 2297/4094/168 2365/4308/168 2363/4307/168
f 2289/4078/168 2369/4310/168 2367/4309/168 2293/4075/168
f 2285/4057/168 2281/4060/168 2382/4314/168 2371/4313/168
f 2173/3811/167 2278/4315/167 2267/4316/167 2169/3808/167
f 2177/3826/167 2181/3829/167 2265/4317/167 2263/4318/167
f 2193/3858/167 2197/3861/167 2269/4319/167 2271/4320/167
f 2205/3877/167 2257/4321/167 2225/4322/167 2201/3874/167
f 2209/3890/167 2213/3893/167 2276/4323/167 2273/4324/167
f 2189/3845/167 2261/4325/167 2259/4326/167 2185/3842/167
f 2217/3908/167 2221/3911/167 2255/4327/167 2360/4328/167 2328/4153/167
f 2320/4141/167 2324/4140/167 2378/4329/167 2381/4330/167
f 2304/4109/167 2308/4108/167 2376/4331/167 2374/4332/167
f 2301/4092/167 2364/4333/167 2366/4334/167 2296/4093/167
f 2288/4077/167 2292/4076/167 2368/4335/167 2370/4336/167
f 2317/4124/167 2332/4337/167 2362/4338/167 2312/4125/167
f 2280/4059/167 2284/4058/167 2372/4339/167 2383/4340/167
f 2168/3807/168 2267/4316/168 2278/4315/168 2172/3804/168
f 2176/3825/168 2263/4318/168 2265/4317/168 2180/3822/168
f 2192/3857/168 2271/4320/168 2269/4319/168 2196/3854/168
f 2188/3838/168 2184/3841/168 2259/4326/168 2261/4325/168
f 2204/3870/168 2200/3873/168 2225/4322/168 2257/4321/168
f 2208/3889/168 2273/4324/168 2276/4323/168 2212/3886/168
f 2220/3904/168 2216/3907/168 2327/4152/168 2360/4328/168 2255/4327/168
f 2319/4138/168 2381/4330/168 2378/4329/168 2323/4135/168
f 2303/4106/168 2374/4332/168 2376/4331/168 2307/4103/168
f 2316/4119/168 2311/4122/168 2362/4338/168 2332/4337/168
f 2300/4087/168 2295/4090/168 2366/4334/168 2364/4333/168
f 2287/4074/168 2370/4336/168 2368/4335/168 2291/4071/168
f 2283/4053/168 2279/4056/168 2383/4340/168 2372/4339/168
f 2356/4195/167 2354/4192/167 2352/4189/167 2350/4186/167 2348/4183/167 2346/4180/167 2344/4177/167 2342/4174/167 2340/4171/167 2338/4168/167 2336/4165/167 2334/4162/167 2227/3920/167 2229/3921/167 2231/3926/167 2233/3929/167 2235/3932/167 2237/3935/167 2239/3938/167 2241/3941/167 2243/3944/167 2245/3947/167 2247/3950/167 2249/3953/167 2251/3956/167 2253/3959/167 2274/4341/167 2379/4342/167 2358/4198/167
f 2274/4341/168 2252/3960/168 2250/3957/168 2248/3954/168 2246/3951/168 2244/3948/168 2242/3945/168 2240/3942/168 2238/3939/168 2236/3936/168 2234/3933/168 2232/3930/168 2230/3927/168 2228/3922/168 2226/3925/168 2333/4164/168 2335/4167/168 2337/4170/168 2339/4173/168 2341/4176/168 2343/4179/168 2345/4182/168 2347/4185/168 2349/4188/168 2351/4191/168 2353/4194/168 2355/4197/168 2357/4200/168 2379/4342/168
